Date,Product,Brand,Price,List_Price,Unit
2026-05-10,lomito de atún al natural carrefour classic 170 grs,carrefour,2898.0,3150.0,1.0 un
2026-05-10,puré de tomate arcor brik 520 g.,arcor,1099.0,1099.0,1.0 un
2026-05-10,caldo knorr de verdura deshidratado 12 cubos,knorr,2810.0,2810.0,1.0 un
2026-05-10,fideos tallarin n5 lucchetti 500 g.,matarazzo,1499.0,1499.0,1.0 un
2026-05-10,fideos tirabuzon n28 lucchetti 500 g.,luchetti,1499.0,1499.0,1.0 un
2026-05-10,aceite de girasol carrefour classic  alto omega pet 900 cc.,carrefour,3055.0,3250.0,1.0 un
2026-05-10,mayonesa clásica hellmanns sin tacc doypack 475 g.,hellmanns,2889.0,2889.0,1.0 un
2026-05-10,aceite de girasol alto omega carrefour classic pet 1.5 lts,carrefour,5029.0,5350.0,1.0 un
2026-05-10,puré de tomate carrefour classic 520 g.,carrefour,791.1,879.0,1.0 un
2026-05-10,aceite de girasol natura 1.5 l.,natura,6639.0,6639.0,1.0 un
2026-05-10,puré de tomate carrefour classic tetra 520 grs,carrefour,817.47,879.0,1.0 un
2026-05-10,aceite de girasol carrefour classic pet 900 ml,carrefour,3055.0,3250.0,1.0 un
2026-05-10,lentejas carrefour classic 400 g.,carrefour,1702.0,1850.0,1.0 un
2026-05-10,puré de tomate la campagnola tetra 530 g.,la campagnola,1159.0,1159.0,1.0 un
2026-05-10,arroz largo fino 00000 carrefour classic en bolsa 1 kg.,carrefour,1242.0,1350.0,1.0 un
2026-05-10,arroz parboil carrefour classic en bolsa 1 kg.,carrefour,1870.6,1990.0,1.0 un
2026-05-10,choclo amarillo en granos carrefour classic 300 grs,carrefour,1069.5,1150.0,1.0 un
2026-05-10,garbanzos secos remojados carrefour classic en lata 300 g.,carrefour,777.0,1050.0,1.0 un
2026-05-10,fideos tallarines don vicente en bolsa 500 g.,don vicente,3399.0,3399.0,1.0 un
2026-05-10,fideos tirabuzones n28 matarazzo 500 g.,matarazzo,1849.0,1849.0,1.0 un
2026-05-10,fideos spaghetti n3 matarazzo 500 g.,matarazzo,1849.0,1849.0,1.0 un
2026-05-10,fideos spaghetti n7 lucchetti 500 g.,lucchetti,1499.0,1499.0,1.0 un
2026-05-10,fideos mostacholes n52 lucchetti rayado 500 g.,lucchetti,1499.0,1499.0,1.0 un
2026-05-10,fideos mostacholes n52 matarazzo rayado 500 g.,matarazzo,1849.0,1849.0,1.0 un
2026-05-10,arroz parboil gallo oro en bolsa 1 kg.,gallo,2500.0,2500.0,1.0 un
2026-05-10,mayonesa liviana hellmanns dp 475 g,hellmanns,2099.0,2859.0,1.0 un
2026-05-10,polenta instantánea presto pronta bolsa 730 g.,presto pronta,2299.0,2299.0,1.0 un
2026-05-10,harina leudante pureza con vitamina d 1 kg.,pureza,1800.0,1800.0,1.0 un
2026-05-10,caldo de verdura maggi 12 uni,maggi,1296.75,1729.0,1.0 un
2026-05-10,harina de trigo morixe 000 1 kg.,morixe,999.0,999.0,1.0 un
2026-05-10,puré de papas instantáneo carrefour classic 100 g.,carrefour,967.5,1290.0,1.0 un
2026-05-10,fideos tirabuzones favorita fortificado 500 g.,favorita,965.0,965.0,1.0 un
2026-05-10,fideos spaghetti fortificado favorita 500 g.,favorita,965.0,965.0,1.0 un
2026-05-10,fideos coditos lucchetti 500 g.,lucchetti,1499.0,1499.0,1.0 un
2026-05-10,aceite en aerosol carrefour classic girasol 150 cc.,carrefour,3539.9,3890.0,1.0 un
2026-05-10,mayonesa natura 475 g.,natura,3039.0,3039.0,1.0 un
2026-05-10,lomito de atún en aceite carrefour classic 170 grs,carrefour,2898.0,3150.0,1.0 un
2026-05-10,arroz largo fino molinos ala 1 kg.,molinos ala,1790.0,1790.0,1.0 un
2026-05-10,vinagre de alcohol carrefour classic 1 l.,carrefour,1305.0,1450.0,1.0 un
2026-05-10,harina de trigo 000 caserita x 1 kg,caserita,899.0,899.0,1.0 un
2026-05-10,aceitunas verdes descarozadas nucete dp 220 grs,nucete,1949.0,1949.0,1.0 un
2026-05-10,fideo tirabuzones bulnez en paquete 500 g.,bulnez,799.0,799.0,1.0 un
2026-05-10,fideo spaghetti bulnez en paquete 500 g.,bulnez,799.0,799.0,1.0 un
2026-05-10,atún en trozos al natural bulnez en lata 170 g.,bulnez,2708.0,2708.0,1.0 un
2026-05-10,tomate perita entero bulnez en lata 400 g.,bulnez,1263.0,1263.0,1.0 un
2026-05-10,puré de tomates bulnez 520 g.,bulnez,649.0,778.0,1.0 un
2026-05-10,salsa pizza knorr 340 g.,knorr,1087.5,1450.0,1.0 un
2026-05-10,avena instantanea carrefour classic pouch 300 g.,carrefour,1385.7,1490.0,1.0 un
2026-05-10,orégano el mercado 50 g.,el mercado,929.0,929.0,1.0 un
2026-05-10,provenzal el mercado 50 g.,el mercado,829.0,929.0,1.0 un
2026-05-10,caldo knorr de gallina deshidratado 12 cubos.,knorr,2810.0,2810.0,1.0 un
2026-05-10,polenta instantánea presto pronta en bolsa 490 g.,presto pronta,1599.0,1599.0,1.0 un
2026-05-10,harina leudante blancaflor 1 kg.,blancaflor,2049.0,2049.0,1.0 un
2026-05-10,choclo amarillo cremoso carrefour classic 300 grs,carrefour,909.09,999.0,1.0 un
2026-05-10,puré de papas maggi original 125 grs,maggi,2025.0,2700.0,1.0 un
2026-05-10,fideos cinta caserito don vicente en bolsa 500 g.,don vicente,3399.0,3399.0,1.0 un
2026-05-10,fideos tallarines n5 matarazzo 500 g.,matarazzo,1849.0,1849.0,1.0 un
2026-05-10,avena instantanea morixe 400 g.,morixe,2195.0,2195.0,1.0 un
2026-05-10,fideos guiseros tirabuzon lucchetti 3 vegetales 500 g.,luchetti,1919.0,1919.0,1.0 un
2026-05-10,fideos integrales tirabuzon matarazzo 500 g.,matarazzo,2249.0,2249.0,1.0 un
2026-05-10,fideos tirabuzon matarazzo 3 vegetales 500 g.,matarazzo,2149.0,2149.0,1.0 un
2026-05-10,fideos tirabuzón terrabusi 3 vegetales 500 g.,terrabusi,1349.0,1349.0,1.0 un
2026-05-10,papas fritas carrefour classic corte tradicional 150 g.,carrefour,2572.1,2890.0,1.0 un
2026-05-10,harina morixe para pizza 1 kg.,morixe,1859.0,1859.0,1.0 un
2026-05-10,ketchup hellmanns regular doypack 500 g.,hellmanns,4199.0,4199.0,1.0 un
2026-05-10,mostaza savora oiginal doypack 500 g.,savora,2899.0,2899.0,1.0 un
2026-05-10,mostaza savora original doypack 250 g.,savora,1639.0,1639.0,1.0 un
2026-05-10,ketchup hellmanns regular doypack 250 g.,hellmanns,2489.0,2489.0,1.0 un
2026-05-10,caldo de gallina maggi 12 uni,maggi,1296.75,1729.0,1.0 un
2026-05-10,arvejas secas remojadas inalpa lata 300 g.,inalpa,749.0,749.0,1.0 un
2026-05-10,esencia de vainilla alicante pet 100 cc.,alicante,2049.0,2049.0,1.0 un
2026-05-10,fideos guiseros moño carrefour classic 500 g.,carrefour,1441.5,1550.0,1.0 un
2026-05-10,tomate triturado carrefour classic 970 g.,carrefour,1943.7,2090.0,1.0 un
2026-05-10,vinagre de alcohol casalta 1 l.,casalta,1709.0,1709.0,1.0 un
2026-05-10,harina de trigo morixe 0000 1 kg.,morixe,1299.0,1299.0,1.0 un
2026-05-10,puré de papas instantáneo carrefour classic 200 g.,carrefour,1792.5,2390.0,1.0 un
2026-05-10,mostaza natura 250 g.,natura,1109.0,1109.0,1.0 un
2026-05-10,sal fina dos anclas en paquete 500 grs,dos anclas,1429.0,1429.0,1.0 un
2026-05-10,fideos mostacholes rayados favorita fortificado 500 g.,favorita,965.0,965.0,1.0 un
2026-05-10,fideos coditos rayados favorita fortificado 500 g.,favorita,965.0,965.0,1.0 un
2026-05-10,sal fina dos estrellas 500 g.,dos estrellas,989.0,989.0,1.0 un
2026-05-10,duraznos amarillos en mitades carrefour classic 820 g.,carrefour,2320.5,2550.0,1.0 un
2026-05-10,fideos coditos rayados matarazzo 500 g.,matarazzo,1849.0,1849.0,1.0 un
2026-05-10,harina de trigo pureza 0000 1 kg.,pureza,1415.0,1415.0,1.0 un
2026-05-10,mostaza natura 500 g.,natura,2199.0,2199.0,1.0 un
2026-05-10,ketchup natura 250 cc.,natura,1739.0,1739.0,1.0 un
2026-05-10,pan rallado carrefour classic 1 kg.,carrefour,2352.0,2450.0,1.0 un
2026-05-10,aceite de oliva oliovita extra virgen 500 cc.,oliovita,14349.0,14349.0,1.0 un
2026-05-10,pimentón 50 g.,genérico,999.0,1199.0,1.0 un
2026-05-10,puré de tomate salsati 520 g.,bc,1265.0,1265.0,1.0 un
2026-05-10,lomito de atún al natural carrefour classic 354 grs,carrefour,4828.5,5550.0,1.0 un
2026-05-10,sal gruesa dos anclas caja 500 g.,dos anclas,1349.0,1349.0,1.0 un
2026-05-10,aceite de girasol cocinero 900 cc.,cocinero,3889.0,3889.0,1.0 un
2026-05-10,harina leudante caserita x 1 kg,caserita,1499.0,1499.0,1.0 un
2026-05-10,arroz molinos ala parboil bolsa 1 kg.,molinos ala,2100.0,2100.0,1.0 un
2026-05-10,arroz molinos ala doble carolina bolsa 1 kg.,molinos ala,3250.0,3250.0,1.0 un
2026-05-10,fideos moños matarazzo 500 g.,matarazzo,2899.0,2899.0,1.0 un
2026-05-10,mayonesa natura 950 g.,natura,5959.0,5959.0,1.0 un
2026-05-10,pate de foie swift lata 90 g.,swift,1280.0,1280.0,1.0 un
2026-05-10,aceite de girasol cocinero 1.5 l.,cocinero,6159.0,6159.0,1.0 un
2026-05-10,choclo en granos carrefour classic en lata 280 grs,carrefour,1069.5,1150.0,1.0 un
2026-05-10,arroz largo fino bulnez 1 kg,bulnez,1280.0,1280.0,1.0 un
2026-05-10,arroz blanco shangrila 1 kg,shangrila,1050.0,1050.0,1.0 un
2026-05-10,lentejón carrefour classic 400 grs,carrefour,1990.0,1990.0,1.0 un
2026-05-10,fideos ramen arcor sabor pollo 70 grs,arcor,1549.0,1549.0,1.0 un
2026-05-10,tomate triturado corper sin gluten 910 grs,corper,2450.0,2450.0,1.0 un
2026-05-10,polenta instantánea molinos ala 500 grs,molinos ala,1070.0,1070.0,1.0 un
2026-05-10,aceite de oliva extra virgen carrefour extra  en botella 500 ml,carrefour,13974.8,15190.0,1.0 un
2026-05-10,papas fritas bulnez sabor original en tubo 100 grs,bulnez,2572.0,2572.0,1.0 un
2026-05-10,papas fritas bulnez sabor queso y cebolla en tubo 100 grs,bulnez,2572.0,2572.0,1.0 un
2026-05-10,papas fritas carrefour classic en bolsa 250 grs,carrefour,4278.0,4650.0,1.0 un
2026-05-10,lentejas secas remojadas carrefour classic 340 grs,carrefour,891.87,959.0,1.0 un
2026-05-10,aceitunas verdes en rodajas carrefour classic 150 grs,carrefour,1810.9,1990.0,1.0 un
2026-05-10,fideos codos bulnez en paquete 500 g.,bulnez,799.0,799.0,1.0 un
2026-05-10,polvo para hornear carrefour classic 50 g.,carrefour,910.8,990.0,1.0 un
2026-05-10,bicarbonato de sodio carrefour classic 50 g.,carrefour,677.97,729.0,1.0 un
2026-05-10,atún en trozos en aceite bulnez en lata 170 g.,bulnez,2708.0,2708.0,1.0 un
2026-05-10,escencia de vainilla carrefour classic en botella 110 cc.,carrefour,1035.0,1150.0,1.0 un
2026-05-10,choclo entero amarillo bulnez en lata 300 g.,bulnez,998.0,998.0,1.0 un
2026-05-10,aceitunas descarozadas morixe dp 300 g.,morixe,2450.0,2450.0,1.0 un
2026-05-10,salsa filetto knorr 340 g.,knorr,1124.25,1499.0,1.0 un
2026-05-10,salsa pomarola tradicional knorr 340 g.,knorr,1087.5,1450.0,1.0 un
2026-05-10,sal gruesa bulnez en bolsa 1 kg.,bulnez,1378.0,1378.0,1.0 un
2026-05-10,picadillo de carne carrefour classic 90 g.,carrefour,909.09,999.0,1.0 un
2026-05-10,premezcla para pizza y pan puereza sin tacc 500 g.,pureza,3869.0,3869.0,1.0 un
2026-05-10,fideos tirabuzón don bernabeu 500 g.,don bernabeu,849.0,849.0,1.0 un
2026-05-10,fideos tallarin don bernabeu 500 g.,don bernabeu,849.0,849.0,1.0 un
2026-05-10,brownies de chocolate exquisita 425 g.,exquisita,4999.0,4999.0,1.0 un
2026-05-10,gelatina light exquista de frutilla 25 g.,exquisita,1200.0,1200.0,1.0 un
2026-05-10,arroz integral gallo en bolsa 500 g.,gallo,1340.0,1340.0,1.0 un
2026-05-10,arroz parboil gallo oro en bolsa 500 g.,gallo,1319.0,1319.0,1.0 un
2026-05-10,jardinera sin sal carrefour classic en lata 300 g.,carrefour,863.1,959.0,1.0 un
2026-05-10,bizcochuelo exquisita de vainilla 540 g.,exquisita,3675.0,3675.0,1.0 un
2026-05-10,pan rallado preferido fortificado 500 g.,preferido,1889.0,1889.0,1.0 un
2026-05-10,aceite de girasol en aerosol fritolim clásico 120 g.,cocinero,4899.0,4899.0,1.0 un
2026-05-10,fideos guiseros tirabuzones don vicente 500 g.,don vicente,3399.0,3399.0,1.0 un
2026-05-10,fideos cinta fetuccini don vicente 500 g.,don vicente,3399.0,3399.0,1.0 un
2026-05-10,fideos penne rigate n45 lucchetti 500 g.,lucchetti,1499.0,1499.0,1.0 un
2026-05-10,fideos mostacholes terrabusi rayados 500 g.,terrabusi,1109.0,1109.0,1.0 un
2026-05-10,fideos tallarines n7 terrabusi 500 g.,terrabusi,1120.0,1120.0,1.0 un
2026-05-10,fideos integrales spaghetti matarazzo 500 g.,matarazzo,2249.0,2249.0,1.0 un
2026-05-10,fideos penne rigante matarazzo 500 g.,matarazzo,1849.0,1849.0,1.0 un
2026-05-10,arroz parboil lucchetti 500 g.,lucchetti,1109.0,1109.0,1.0 un
2026-05-10,arroz doble gallo 500 g.,gallo,1870.0,1870.0,1.0 un
2026-05-10,salsa bbq dánica dp 220 g.,dánica,1595.0,1595.0,1.0 un
2026-05-10,ketchup dánica dp 220 g.,dánica,1379.0,1379.0,1.0 un
2026-05-10,mayonesa  d´ fiesta 500 cc.,fiesta,1839.0,1839.0,1.0 un
2026-05-10,mayonesa dánica dp 500 g.,dánica,1959.0,1959.0,1.0 un
2026-05-10,salsa golf dánica 220 g.,dánica,1550.0,1550.0,1.0 un
2026-05-10,ravioles la salteña de jamón y muzzarella en blister 450 g.,la salteña,3915.0,3915.0,1.0 un
2026-05-10,ravioles la salteña de pollo y verdura 450 g.,la salteña,3915.0,3915.0,1.0 un
2026-05-10,nachos macritas restaurant style 250 g.,macritas,4400.0,4400.0,1.0 un
2026-05-10,aceite de oliva cocinero extra virgen pet 500 cc.,cocinero,13650.0,13650.0,1.0 un
2026-05-10,almidón de maíz maizena clásica sin tacc 500 g.,maizena,3998.0,3998.0,1.0 un
2026-05-10,arroz largo fino crucero 00000 1 kg.,crucero,1280.0,1280.0,1.0 un
2026-05-10,palitos salados carrefour classic 115 g.,carrefour,1251.0,1390.0,1.0 un
2026-05-10,palitos de maíz sabor queso carrefour classic 145 g.,carrefour,2025.0,2250.0,1.0 un
2026-05-10,papas fritas carrefour classic corte americano 150 g.,carrefour,2745.5,2890.0,1.0 un
2026-05-10,harina pureza con masa madre para pizza 1 kg.,pureza,2549.0,2549.0,1.0 un
2026-05-10,flan royal de vainilla 60 g.,royal,1450.0,1450.0,1.0 un
2026-05-10,tomate triturado carrefour classic dp 970 g.,carrefour,1646.5,1850.0,1.0 un
2026-05-10,aceitunas verdes descarozadas carrefour classic 140 grs,carrefour,2421.0,2690.0,1.0 un
2026-05-10,aceite de girasol legitimo 1.5 lt.,legitimo,5799.0,5799.0,1.0 un
2026-05-10,lomito de atún al natural la campagnola 170 grs,la campagnola,5635.0,5635.0,1.0 un
2026-05-10,atún en aceite la campagnola lomitos 170 g.,la campagnola,5635.0,5635.0,1.0 un
2026-05-10,choclo en granos arcor amarillo lata 300 g.,arcor,1789.0,1789.0,1.0 un
2026-05-10,garbanzos inalpa secos remojados lata 300 g.,inalpa,929.0,929.0,1.0 un
2026-05-10,jardinera inalpa hortalizas y legumbres lata 300 g.,inalpa,979.0,979.0,1.0 un
2026-05-10,pimentón dulce alicante sobre 50 g.,alicante,1759.0,1759.0,1.0 un
2026-05-10,fideos cinta tallarin carrefour classic 500 g.,carrefour,1137.5,1250.0,1.0 un
2026-05-10,fideos mostachol rayado carrefour classic 500 g.,carrefour,1137.5,1250.0,1.0 un
2026-05-10,fideos guiseros codo carrefour classic 500 g.,carrefour,1137.5,1250.0,1.0 un
2026-05-10,fideos tirabuzones carrefour classic 500 g.,carrefour,1173.9,1290.0,1.0 un
2026-05-10,harina integral fina chacabuco 1 kg.,chacabuco,1589.0,1589.0,1.0 un
2026-05-10,tomate triturado don francisco botella 950 g.,don francisco,2600.0,2600.0,1.0 un
2026-05-10,harina integral pureza con levadura pizza 1 kg.,pureza,2130.0,2130.0,1.0 un
2026-05-10,provenzal alicante sobre 50 g.,alicante,2549.0,2549.0,1.0 un
2026-05-10,orégano alicante sobre 50 g.,alicante,2829.0,2829.0,1.0 un
2026-05-10,saborizador alicante panceta hierba sobre x 4 uni,alicante,1519.0,1519.0,1.0 un
2026-05-10,capelletini tridicci fortificado giacomo 500 g.,giacomo,5449.0,5449.0,1.0 un
2026-05-10,capelletini verdura fortificado giacomo 500 g.,giacomo,5449.0,5449.0,1.0 un
2026-05-10,capelletini jamón queso fortificado giacomo 500 g.,giacomo,5449.0,5449.0,1.0 un
2026-05-10,saborizador albahaca y ajo alicante sobre x 4 uni,alicante,1519.0,1519.0,1.0 un
2026-05-10,arroz parboil dos hermanos bolsa 1 kg.,dos hermanos,2050.0,2050.0,1.0 un
2026-05-10,arroz integral molinos ala bolsa 1 kg.,molinos ala,2250.0,2250.0,1.0 un
2026-05-10,ajo en polvo pergola 25 g. sin tacc,pergola,550.0,550.0,1.0 un
2026-05-10,ketchup natura 500 cc.,natura,3400.0,3400.0,1.0 un
2026-05-10,pan rallado morixe 1 kg.,morixe,2700.0,2700.0,1.0 un
2026-05-10,aceite en aerosol cañuelas de girasol 187 cc.,cañuelas,3915.0,3915.0,1.0 un
2026-05-10,puré de papas y zapallo instantáneo carrefour classic 100 g.,carrefour,1312.5,1750.0,1.0 un
2026-05-10,mayonesa heinz con jugo de limón 350 g.,heinz,2609.0,2609.0,1.0 un
2026-05-10,atún desmenuzado en aceite bulnez 170 grs,bulnez,1290.0,1290.0,1.0 un
2026-05-10,polvo para hornear royal 100 g.,royal,2750.0,2750.0,1.0 un
2026-05-10,duraznos en mitades light carrefour classic 800 g,carrefour,2320.5,2550.0,1.0 un
2026-05-10,fideos tallarines favorita 500 g.,favorita,965.0,965.0,1.0 un
2026-05-10,fideos cabello de ángel lucchetti 500 g.,lucchetti,2410.0,2410.0,1.0 un
2026-05-10,caldo de verduras carrefour classic caja 12 u.,carrefour,1137.5,1250.0,1.0 un
2026-05-10,fideos monos lucchetti bolsa 500 g.,lucchetti,2409.0,2409.0,1.0 un
2026-05-10,sal gruesa carrefour classic 1 kg,carrefour,1462.8,1590.0,1.0 un
2026-05-10,sal fina carrefour classic en bolsa 500 grs,carrefour,1082.9,1190.0,1.0 un
2026-05-10,duraznos cubeteados carrefour classic 820 g,carrefour,2320.5,2550.0,1.0 un
2026-05-10,aceite en aerosol natura 120 cc.,natura,4419.0,4419.0,1.0 un
2026-05-10,jugo de limón minerva pet 500 cc.,minerva,3299.0,3299.0,1.0 un
2026-05-10,lomito de atún al natural carrefour classic x3 80 grs,carrefour,4828.5,5550.0,1.0 un
2026-05-10,pan rallado carrefour classic 500 g.,carrefour,1215.0,1350.0,1.0 un
2026-05-10,pimienta negra en grano 50 g.,genérico,2199.0,2199.0,1.0 un
2026-05-10,laurel en hojas 25 g.,genérico,599.0,599.0,1.0 un
2026-05-10,ajo picado deshidratado 50 g.,genérico,1169.0,1169.0,1.0 un
2026-05-10,ají molido x 50 g.,genérico,1099.0,1279.0,1.0 un
2026-05-10,aceite de oliva la toscana extra virgen 500 cc.,la toscana,18850.0,18850.0,1.0 un
2026-05-10,arroz molinos ala largo fino 00000 bolsa 500 g.,molinos ala,1050.0,1050.0,1.0 un
2026-05-10,tomate perita cubeteado arcor 400 g.,arcor,1669.0,1669.0,1.0 un
2026-05-10,tomate perita arcor 400 g.,arcor,1439.0,1439.0,1.0 un
2026-05-10,lomito de atún en aceite carrefour classic 354 grs,carrefour,4828.5,5550.0,1.0 un
2026-05-10,polenta instantánea carrefour classic 500 grs,carrefour,666.61,749.0,1.0 un
2026-05-10,vinagre de alcohol carrefour classic 500 cc.,carrefour,966.0,1050.0,1.0 un
2026-05-10,sal fina celusal caja 500 g.,celusal,1785.0,1785.0,1.0 un
2026-05-10,tomate perita la campagnola 400 g.,la campagnola,1579.0,1579.0,1.0 un
2026-05-10,picadillo de carne swift 90 g.,swift,1280.0,1280.0,1.0 un
2026-05-10,sal fina dos anclas caja 500 g.,dos anclas,1619.0,1619.0,1.0 un
2026-05-10,harina leudante carrefour classic 1 kg,carrefour,1186.8,1290.0,1.0 un
2026-05-10,nachos sabor pizza doritos 74 grs,doritos,3515.0,3515.0,1.0 un
2026-05-10,premezcla chipa pureza sin tacc 250 grs,pureza,3990.0,3990.0,1.0 un
2026-05-10,galletitas original club social x6 24 grs,club social,2600.22,2600.22,1.0 un
2026-05-10,harina de avena dicomere sin gluten 350 grs,dicomere,2737.5,3650.0,1.0 un
2026-05-10,arroz largo fino bulnez 500 grs,bulnez,640.0,640.0,1.0 un
2026-05-10,baguetin carrefour classic sabor jamón 70 grs,carrefour,872.69,959.0,1.0 un
2026-05-10,aceitunas verdes en rodajas nucete dp 220 grs,nucete,1765.0,1765.0,1.0 un
2026-05-10,aceitunas verdes nucete dp 220 grs,nucete,1389.0,1389.0,1.0 un
2026-05-10,maíz pisingallo carrefour classic 400 grs,carrefour,889.0,889.0,1.0 un
2026-05-10,maíz pisingallo bulnez 400 grs,bulnez,788.0,788.0,1.0 un
2026-05-10,fideos ramen arcor sabor carne 70 grs,arcor,1549.0,1549.0,1.0 un
2026-05-10,fideos fettuccini don vicente de morrón 500 grs,don vicente,4019.0,4019.0,1.0 un
2026-05-10,fideos fettuccini don vicente de zapallo y zanahoria 500 grs,don vicente,4020.0,4020.0,1.0 un
2026-05-10,polenta instantánea molinos ala 730 grs,molinos ala,1599.0,1599.0,1.0 un
2026-05-10,gelatina light carrefour classic sabor frambuesa 20 grs,carrefour,873.27,939.0,1.0 un
2026-05-10,papas fritas bulnez sabor cheddar en tubo 100 grs,bulnez,2572.0,2572.0,1.0 un
2026-05-10,salsa barbacoa hellmanns dp 250 grs,hellmanns,2699.0,2699.0,1.0 un
2026-05-10,papas fritas corte americano krachitos 275 grs,krachitos,6519.0,6519.0,1.0 un
2026-05-10,salsa de soja carrefour classic 300 ml,carrefour,2434.6,2590.0,1.0 un
2026-05-10,tomate perita pelado salsati 400 g.,salsati,1805.0,1805.0,1.0 un
2026-05-10,garbanzos secos remojados carrefour classic 340 grs,carrefour,929.66,989.0,1.0 un
2026-05-10,arvejas secas remojadas carrefour classic 340 grs,carrefour,743.07,799.0,1.0 un
2026-05-10,fideos multicereal sin tacc wakas fusilli kale 300 grs,wakas,2620.0,3493.33,1.0 un
2026-05-10,fideos de arroz sin tacc wakas fusilli con quinoa 300 grs,wakas,2624.25,3499.0,1.0 un
2026-05-10,harina de trigo 00 chacabuco napolitana 1 kg,chacabuco,2299.0,2299.0,1.0 un
2026-05-10,fideo tallarin bulnez en paquete 500 g.,bulnez,799.0,799.0,1.0 un
2026-05-10,puré chef 100 grs,chef,1930.0,1930.0,1.0 un
2026-05-10,harina de trigo bulnez 000 1 kg,bulnez,817.0,817.0,1.0 un
2026-05-10,galletitas sabor original rex 225 g.,rex,3085.0,3085.0,1.0 un
2026-05-10,aceitunas negras carrefour classic doypack 180 grs,carrefour,2622.6,2790.0,1.0 un
2026-05-10,almidón de maiz carrefour classic 500 grs,carrefour,1794.0,1950.0,1.0 un
2026-05-10,jugo de limón bulnez en botella 1000 cc.,bulnez,3183.0,3183.0,1.0 un
2026-05-10,arvejas secas remojadas bulnez en lata 300 g.,bulnez,598.0,598.0,1.0 un
2026-05-10,choclo en crema amarillo bulnez 300 g.,bulnez,870.0,870.0,1.0 un
2026-05-10,caldo de verdura knorr cero sodio 12 uni,knorr,3569.0,3569.0,1.0 un
2026-05-10,salsa guiso y arroces knorr 340 g.,knorr,1087.5,1450.0,1.0 un
2026-05-10,salsa pizza knorr 200 g.,knorr,712.5,950.0,1.0 un
2026-05-10,avena tradicional carrefour classic pouch 300 g.,carrefour,1385.7,1490.0,1.0 un
2026-05-10,tuco el mercado 50 g.,el mercado,799.0,799.0,1.0 un
2026-05-10,adobo para pizza el mercado 50 g.,el mercado,869.0,869.0,1.0 un
2026-05-10,chimichurri el mercado 50 g.,el mercado,869.0,869.0,1.0 un
2026-05-10,arvejas secas carrefour classic en bolsa 400 g.,carrefour,781.08,849.0,1.0 un
2026-05-10,caldo de carne knorr en cubos 12 uni,knorr,2810.0,2810.0,1.0 un
2026-05-10,paté de foie carrefour classic 90 g.,carrefour,909.09,999.0,1.0 un
2026-05-10,fideos rigatti don bernabeu 500 g.,don bernabeu,849.0,849.0,1.0 un
2026-05-10,fideos codito don bernabeu 500 g.,don bernabeu,849.0,849.0,1.0 un
2026-05-10,fideos mostachole don bernabeu 500 g.,don bernabeu,849.0,849.0,1.0 un
2026-05-10,fideos spaguetti don bernabeu 500 g.,don bernabeu,849.0,849.0,1.0 un
2026-05-10,pimienta negra carrefour classic en sobre 25 g.,carrefour,1341.0,1490.0,1.0 un
2026-05-10,semola tradicional vitina en caja 500 g.,vitina,3600.0,3600.0,1.0 un
2026-05-10,rebozador preferido crunch 450 g.,preferido,2949.0,2949.0,1.0 un
2026-05-10,pan rallado preferido de ajo y perejil 500 g.,preferido,2250.0,2250.0,1.0 un
2026-05-10,rebozador preferido en bolsa 1 kg.,preferido,3589.0,3589.0,1.0 un
2026-05-10,lasagna precocida matarazzo 400 g.,matarazzo,3299.0,3299.0,1.0 un
2026-05-10,bizcochuelo exquisita de chocolate 540 g.,exquisita,4410.0,4410.0,1.0 un
2026-05-10,arroz parboil gallo oro en caja 1 kg,gallo,3300.0,3300.0,1.0 un
2026-05-10,ajo en polvo la parmesana 15 g.,la parmesana,725.0,725.0,1.0 un
2026-05-10,harina de trigo 000 favorita con vitaminas 1 kg.,favorita,1035.0,1035.0,1.0 un
2026-05-10,gelatina exquisita de frambuesa 40 g.,exquisita,1250.0,1250.0,1.0 un
2026-05-10,gelatina exquisita de frutilla 40 g.,exquisita,1250.0,1250.0,1.0 un
2026-05-10,fideos rina matarazzo spaghetti 500 g.,matarazzo,3299.0,3299.0,1.0 un
2026-05-10,fideos rina matarazzo spaghetti espinaca 500 g.,matarazzo,3299.0,3299.0,1.0 un
2026-05-10,puré de papas maggi original 200 grs,maggi,3075.0,4100.0,1.0 un
2026-05-10,aceite en aerosol cocinero fritolim sabor manteca 120 grs,cocinero,4899.0,4899.0,1.0 un
2026-05-10,mayonesa cañuelas 500 cc.,cañuelas,2169.0,2169.0,1.0 un
2026-05-10,fideos guiseros moños don vicente en bolsa 500 g.,don vicente,4529.0,4529.0,1.0 un
2026-05-10,fideos bucattini matarazzo 500 g.,matarazzo,1850.0,1850.0,1.0 un
2026-05-10,fideos foratini lucchetti 500 g.,lucchetti,1550.0,1550.0,1.0 un
2026-05-10,fideos spaghetti n3 terrabusi 500 g.,terrabusi,1120.0,1120.0,1.0 un
2026-05-10,avena tradicional morixe 400 g.,morixe,2199.0,2199.0,1.0 un
2026-05-10,vinagre de alcohol favinco en bidón 5 lts.,favinco,7599.0,7599.0,1.0 un
2026-05-10,fideos sin tacc penne rigante matarazzo 500 g.,matarazzo,4499.0,4499.0,1.0 un
2026-05-10,fideos 3 vegetales penne rigate matarazzo 500 g.,matarazzo,2149.0,2149.0,1.0 un
2026-05-10,fideos coditos terrabusi 500 g.,terrabusi,1200.0,1200.0,1.0 un
2026-05-10,arroz doble carolina lucchetti 1 kg.,lucchetti,3020.0,3020.0,1.0 un
2026-05-10,mani frito salado maní king dp 350 g.,maní king,4150.0,4150.0,1.0 un
2026-05-10,ketchup d' fiesta 220 g.,fiesta,1369.0,1369.0,1.0 un
2026-05-10,arroz doble carolina gallo en caja 1 kg.,gallo,3825.0,3825.0,1.0 un
2026-05-10,ravioles la sateña 4 quesos blister 450 g.,la salteña,3915.0,3915.0,1.0 un
2026-05-10,papas fritas acanaladas pehuamar 135 g.,pehuamar,3899.0,3899.0,1.0 un
2026-05-10,papas fritas lays clásicas 330 g.,lays,7484.25,9979.0,1.0 un
2026-05-10,nachos sabor a queso doritos 200 g.,doritos,8759.0,8759.0,1.0 un
2026-05-10,nachos sabor a queso doritos 129 g.,doritos,5399.0,5399.0,1.0 un
2026-05-10,papas fritas lays clásicas 134 g.,lays,3750.0,5000.0,1.0 un
2026-05-10,mostaza dánica 220 g.,dánica,885.0,885.0,1.0 un
2026-05-10,mayonesa d' fiesta 1 kg.,fiesta,3839.0,3839.0,1.0 un
2026-05-10,ravioles la salteña de espinaca y muzzarella 450 g.,la salteña,3919.0,3919.0,1.0 un
2026-05-10,almidón de maíz maizena clásica sin tacc 220 g.,maizena,2349.0,2349.0,1.0 un
2026-05-10,arroz largo fino gallo 00000 en bolsa 1 kg.,gallo,2179.0,2179.0,1.0 un
2026-05-10,mani pelado salado carrefour classic 115 g.,carrefour,1137.5,1250.0,1.0 un
2026-05-10,palitos salados krachitos 110 g.,krachitos,1665.0,1665.0,1.0 un
2026-05-10,hummus kyros con aceite de oliva 230 g.,kyros,4159.0,4159.0,1.0 un
2026-05-10,hummus kyros clásico 230 g.,kyros,3990.0,3990.0,1.0 un
2026-05-10,sopa instantánea knorr quick zapallo balance 5 sobres,knorr,3455.0,3455.0,1.0 un
2026-05-10,lomito de atún al natural gomes da costa 170 grs,gomes da costa,4050.0,4050.0,1.0 un
2026-05-10,gelatina royal sabor frutos rojos 25 g.,genérico,1400.0,1400.0,1.0 un
2026-05-10,aceituna verde carrefour classic dp 170 g.,carrefour,1625.4,1890.0,1.0 un
2026-05-10,mayonesa hellmanns ajo doypack 250 g.,hellmanns,2459.25,3279.0,1.0 un
2026-05-10,maní pelado y salado  en bolsa 500 g.,genérico,3499.0,3899.0,1.0 un
2026-05-10,aceite de girasol legitimo 900 cc.,legitimo,3329.0,3329.0,1.0 un
2026-05-10,choclo amarillo cremoso inalpa 300 grs,inalpa,1150.0,1150.0,1.0 un
2026-05-10,mayonesa light bc la campagnola 500 g.,la campagnola,2509.0,2509.0,1.0 un
2026-05-10,harina de trigo tassara tipo 0000 x 1 kg,tassara,1270.0,1270.0,1.0 un
2026-05-10,porotos secos remojados inalpa lata 300 g.,inalpa,1089.0,1089.0,1.0 un
2026-05-10,lentejas secas remojadas inalpa lata 300 g.,inalpa,1125.0,1125.0,1.0 un
2026-05-10,leche condensada carrefour tetra 395 g.,carrefour,4049.5,4450.0,1.0 un
2026-05-10,sopa crema knorr zapallo con nuez moscada 70 g.,knorr,2589.0,2589.0,1.0 un
2026-05-10,sopa de letras knorr con vegetales 107.5 g.,knorr,2475.0,2475.0,1.0 un
2026-05-10,sopa de pollo knorr con cabello de ángel 105.6 g.,knorr,2589.0,2589.0,1.0 un
2026-05-10,sopa de vegetales knorr con caracolitos tricolor 107.5 g.,knorr,2589.0,2589.0,1.0 un
2026-05-10,caldo de verdura maggi 6 uni,maggi,764.25,1019.0,1.0 un
2026-05-10,bizcochuelo favorita chocolate 450 g.,favorita,2469.0,2469.0,1.0 un
2026-05-10,aceto balsámico cocinero tipo reducción 250 cc.,cocinero,4179.0,4179.0,1.0 un
2026-05-10,caldo de carne maggi 12 uni,maggi,1361.25,1815.0,1.0 un
2026-05-10,pimentón dulce alicante sobre 25 g.,alicante,980.0,980.0,1.0 un
2026-05-10,vinagre de alcohol favinco pet 1 l.,favinco,1589.0,1589.0,1.0 un
2026-05-10,fideos de sémola cinta spaghetti carrefour classic 500 g.,carrefour,1137.5,1250.0,1.0 un
2026-05-10,harina de fuerza chacabuco 1 kg.,chacabuco,1729.0,1729.0,1.0 un
2026-05-10,polvo para hornear royal en sobre 50 g.,royal,1639.0,1639.0,1.0 un
2026-05-10,harina integral leudante pureza 1 kg.,pureza,2379.0,2379.0,1.0 un
2026-05-10,cúrcuma dicomere sin tacc sobre 50 g.,dicomere,1020.0,1360.0,1.0 un
2026-05-10,pimienta negra alicante molida sobre 25 g.,alicante,1469.0,1469.0,1.0 un
2026-05-10,condimento alicante tuco sobre 25 g.,alicante,1029.0,1029.0,1.0 un
2026-05-10,condimento alicante arroz sobre 25 g.,alicante,1189.0,1189.0,1.0 un
2026-05-10,salsa pomarola arcor doy pack 340 g.,arcor,1339.0,1339.0,1.0 un
2026-05-10,arroz integral non gmo dos hermanos 1 kg.,dos hermanos,1900.0,1900.0,1.0 un
2026-05-10,flan vainilla exquisita sobre 40 g.,exquisita,1199.0,1199.0,1.0 un
2026-05-10,capelletini carne fortificado giacomo bolsa 500 g.,giacomo,5449.0,5449.0,1.0 un
2026-05-10,saborizador crema verdeo alicante sobres 4 uni,alicante,1519.0,1519.0,1.0 un
2026-05-10,saborizador 4 quesos alicante sobre x 4 uni,alicante,1519.0,1519.0,1.0 un
2026-05-10,saborizador champignón hongos alicante sobre x 4 uni,alicante,1519.0,1519.0,1.0 un
2026-05-10,saborizador finas hierbas alicante sobre x 4 uni,alicante,1519.0,1519.0,1.0 un
2026-05-10,saborizador carne alicante sobre x 4 uni,alicante,1319.0,1319.0,1.0 un
2026-05-10,condimento sabor al horno knorr tipo criollo 21 g.,knorr,3189.0,3189.0,1.0 un
2026-05-10,aceite de oliva extra virgen cocinero intenso 500 cc.,cocinero,12558.0,13650.0,1.0 un
2026-05-10,aceite de oliva extra virgen lira pet 500 cc.,lira,15015.0,15015.0,1.0 un
2026-05-10,arroz yamani integral molinos ala caja 500 g.,molinos ala,2850.0,2850.0,1.0 un
2026-05-10,fécula de mandioca dicomere paquete sin tacc 450 g.,dicomere,2510.0,3346.67,1.0 un
2026-05-10,arroz largo fino 00000 dos hermanos bolsa 1 kg.,dos hermanos,1770.0,1770.0,1.0 un
2026-05-10,arvejas secas remojadas doña pupa tetra 340 g.,doña pupa,815.0,815.0,1.0 un
2026-05-10,harina de trigo 000 ultra refinada cañuelas 1 kg.,cañuelas,1025.0,1025.0,1.0 un
2026-05-10,arroz integral molinos ala bolsa 500 g.,molinos ala,1189.0,1189.0,1.0 un
2026-05-10,harina de trigo integral morixe 1 kg.,morixe,1689.0,1689.0,1.0 un
2026-05-10,aceite de girasol pureza 900 cc.,pureza,4255.0,4255.0,1.0 un
2026-05-10,gelatina sin sabor royal 14 g.,royal,1050.0,1050.0,1.0 un
2026-05-10,harina de maíz para arepas morixe 1 kg.,morixe,3170.0,3170.0,1.0 un
2026-05-10,sal gruesa celusal 500 g.,celusal,1479.0,1479.0,1.0 un
2026-05-10,premezcla de harina para reposteria y panaderia onza de oro 500 g. sin tacc,onza de oro,2609.0,2609.0,1.0 un
2026-05-10,polenta presto pronta panceta y queso sin tacc 250 g.,presto pronta,1529.0,1529.0,1.0 un
2026-05-10,aceto balsámico cocinero tipo reducción 500 cc.,cocinero,7415.0,7415.0,1.0 un
2026-05-10,pan rallado morixe 500 g.,morixe,1549.0,1549.0,1.0 un
2026-05-10,papas fritas carrefour classic 140 g.,carrefour,3591.0,3990.0,1.0 un
2026-05-10,semillas de chia genser 150 g.,genser,3029.0,3029.0,1.0 un
2026-05-10,harina de trigo morixe leudante 1 kg.,morixe,1650.0,1650.0,1.0 un
2026-05-10,ketchup heinz doypack 397 g.,heinz,6600.0,6600.0,1.0 un
2026-05-10,puré de papas instantáneo carrefour classic 4 quesos 100 g.,carrefour,1312.5,1750.0,1.0 un
2026-05-10,puré de papas instantáneo carrefour classic finas hierbas 100 g.,carrefour,1312.5,1750.0,1.0 un
2026-05-10,galletitas crackers club social sabor jamón x6 23.5 grs,club social,2955.0,2955.0,1.0 un
2026-05-10,rebozador aglu 450 g. sin tacc.,aglu,2450.0,2450.0,1.0 un
2026-05-10,aritos de arroz dos hermanos crema y cebolla 80 g.,dos hermanos,1600.0,1600.0,1.0 un
2026-05-10,caldo de gallina carrefour classic en cubos 12 u.,carrefour,1137.5,1250.0,1.0 un
2026-05-10,fideos municiones matarazzo 500 g.,matarazzo,1849.0,1849.0,1.0 un
2026-05-10,fideos cabello de ángel matarazzo 500 g.,matarazzo,2899.0,2899.0,1.0 un
2026-05-10,premezcla para pizza gourmet pureza 550 g.,pureza,2200.0,2200.0,1.0 un
2026-05-10,tomate cubeteado la campagnola 400 g.,bc,1850.0,1850.0,1.0 un
2026-05-10,pan rallado mamá cocina fortificado 1 kg.,mamá cocina,3139.0,3139.0,1.0 un
2026-05-10,pan rallado mamá cocina fortificado 500 g.,mamá cocina,1639.0,1639.0,1.0 un
2026-05-10,jugo de limón minerva pet 250 cc.,minerva,2045.0,2045.0,1.0 un
2026-05-10,jugo de limón minerva pet 1 l.,minerva,6129.0,6129.0,1.0 un
2026-05-10,harina de trigo pureza con levadura pan casero 1 kg.,pureza,2029.0,2029.0,1.0 un
2026-05-10,salsa golf natura 250 cc.,natura,1800.0,1800.0,1.0 un
2026-05-10,choclo cremoso amarillo la campagnola 300 g.,la campagnola,2035.0,2035.0,1.0 un
2026-05-10,lentejas 500 grs,genérico,2990.0,2990.0,1.0 un
2026-05-10,garbanzos 500 g,genérico,2450.0,2450.0,1.0 un
2026-05-10,lomito de atún en aceite vegetal carrefour classic x3 80 grs,carrefour,4828.5,5550.0,1.0 un
2026-05-10,rebozador carrefour classic 1 kg.,carrefour,2352.0,2450.0,1.0 un
2026-05-10,mayonesa con aceite de oliva mayoliva doy pack 500 cc,mayoliva,4989.0,4989.0,1.0 un
2026-05-10,provenzal 50 g.,genérico,999.0,1199.0,1.0 un
2026-05-10,orégano 50 g.,genérico,999.0,1119.0,1.0 un
2026-05-10,comino molido 50 g.,genérico,969.0,969.0,1.0 un
2026-05-10,coco rallado 50 g.,genérico,999.0,999.0,1.0 un
2026-05-10,canela molida 50 g.,genérico,1090.0,1090.0,1.0 un
2026-05-10,adobo para pizza 50 g.,genérico,1099.0,1099.0,1.0 un
2026-05-10,aceite de oliva extra virgen la toscana botella 250 cc.,la toscana,10199.0,10199.0,1.0 un
2026-05-10,fideos cinta nido 308 nº 2 al huevo 500 g.,308,2729.0,2729.0,1.0 un
2026-05-10,mayonesa aceite de oliva mayoliva 250 cc,mayoliva,2545.0,2545.0,1.0 un
2026-05-10,mayonesa natura 237 g.,natura,1549.0,1549.0,1.0 un
2026-05-10,salsa de soja la parmesana 300 g.,la parmesana,2950.0,2950.0,1.0 un
2026-05-10,sal parrillera dos anclas caja 500 g.,dos anclas,1359.0,1359.0,1.0 un
2026-05-10,polenta carrefour classic bolsa 1 kg.,carrefour,919.08,1190.0,1.0 un
2026-05-10,palmitos enteros carrefour 400 g.,carrefour,4131.0,4590.0,1.0 un
2026-05-10,vinagre de manzana carrefour classic 500 cc.,carrefour,1935.0,2150.0,1.0 un
2026-05-10,sal gruesa celusal paquete 1 kg.,celusal,2595.0,2595.0,1.0 un
2026-05-10,sopa maggi de carne con caracolitos 76 grs,maggi,2378.68,2378.68,1.0 un
2026-05-10,polenta presto pronta 4 quesos 250 grs,presto pronta,1559.0,1559.0,1.0 un
2026-05-10,avena instantánea quaker en caja 280 grs,quaker,1975.0,1975.0,1.0 un
2026-05-10,avena instantánea quaker en caja 500 grs,quaker,3399.0,3399.0,1.0 un
2026-05-10,ketchup estilo americano la campagnola 250 grs,la campagnola,1759.0,1759.0,1.0 un
2026-05-10,puré de tomate carrefour classic tetra 1020 grs,carrefour,1534.5,1650.0,1.0 un
2026-05-10,pulpa de tomate carrefour classic tetra 520 grs,carrefour,818.09,899.0,1.0 un
2026-05-10,aceite de coco neutro carrefour classic 200 ml,carrefour,5596.5,6150.0,1.0 un
2026-05-10,snack de arroz molinos ala sabor cebolla y crema 80 grs,molinos ala,2029.0,2029.0,1.0 un
2026-05-10,harina multicereal con levadura pureza con masa madre 1 kg,pureza,3651.5,3651.5,1.0 un
2026-05-10,fideos casereccia al huevo rina matarazzo 500 grs,rina,3500.0,3500.0,1.0 un
2026-05-10,galletitas saladas saladix sabor pizza 40 grs,saladix,999.0,999.0,1.0 un
2026-05-10,galletitas saladas saladix duo 33 grs,saladix,999.0,999.0,1.0 un
2026-05-10,nachos tostitos 260 grs,tostitos,6600.0,6600.0,1.0 un
2026-05-10,jugo de limón carrefour classic pet 500 ml,carrefour,2036.7,2190.0,1.0 un
2026-05-10,fideos fusilli de semolina pietro coricelli 500 grs,pietro coricelli,2990.0,2990.0,1.0 un
2026-05-10,fideos spaghetti de semolina pietro coricelli 500 grs,pietro coricelli,2990.0,2990.0,1.0 un
2026-05-10,premezcla brownie carrefour classic sin gluten 400 grs,carrefour,2265.9,2490.0,1.0 un
2026-05-10,rocio vegetal en aerosol manteca carrefour classic 150 ml,carrefour,3735.0,4150.0,1.0 un
2026-05-10,papas fritas pehuamar clásicas 450 grs,pehuamar,9900.0,9900.0,1.0 un
2026-05-10,harina de garbanzo natural pop sin tacc 450 grs,natural pop,1889.0,1889.0,1.0 un
2026-05-10,harina de trigo 000 bulnez 1 kg,bulnez,817.0,817.0,1.0 un
2026-05-10,baguetin sabor queso carrefour classic 70 grs,carrefour,872.69,959.0,1.0 un
2026-05-10,baguetin carrefour classic sabor pizza 70 grs,carrefour,872.69,959.0,1.0 un
2026-05-10,poroto alubia carrefour classic 500 grs,carrefour,2490.0,2490.0,1.0 un
2026-05-10,saborizador mediterraneo knorr en sobre 4 uni,knorr,1570.0,1570.0,1.0 un
2026-05-10,fideos ramen arcor pollo picante 70 grs,arcor,1549.0,1549.0,1.0 un
2026-05-10,puré de tomate corper sin gluten 520 grs,corper,999.0,999.0,1.0 un
2026-05-10,fideos cabello de angel nido carrefour classic 500 grs,carrefour,2246.6,2390.0,1.0 un
2026-05-10,puré de tomate italia carrefour extra 520 grs,carrefour,4826.7,5190.0,1.0 un
2026-05-10,merluza al natural carrefour classic 340 grs,carrefour,3084.9,3390.0,1.0 un
2026-05-10,extracto de vainilla carrefour extra 100 ml,carrefour,0.0,0.0,1.0 un
2026-05-10,salsa honey mustard kansas botella chica 280 grs,kansas,3750.0,3750.0,1.0 un
2026-05-10,salsa barbacoa d fiesta 220 grs,fiesta,1589.0,1589.0,1.0 un
2026-05-10,aceite de oliva extra virgen carrefour extra en botella 1 lt,carrefour,22740.9,24990.0,1.0 un
2026-05-10,arvejas y choclo carrefour classic en lata 300 grs,carrefour,1175.0,1250.0,1.0 un
2026-05-10,tomate cherry carrefour extra en lata 400 grs,carrefour,3766.5,4050.0,1.0 un
2026-05-10,gelatina light carrefour classic sabor frutilla 20 grs,carrefour,873.27,939.0,1.0 un
2026-05-10,papas pay bulnez 70 grs,bulnez,1524.0,1524.0,1.0 un
2026-05-10,avena cañuelas instantanea 400 grs,cañuelas,2210.0,2210.0,1.0 un
2026-05-10,salsa barbacoa hellmanns dp 500 grs,hellmanns,4565.0,4565.0,1.0 un
2026-05-10,nuez moscada molida la parmesana en sobre 15 grs,la parmesana,1139.0,1139.0,1.0 un
2026-05-10,aji molido el mercado 50 grs,el mercado,1150.0,1150.0,1.0 un
2026-05-10,papas fritas corte americano krachitos 165 grs,krachitos,4139.0,4139.0,1.0 un
2026-05-10,papas fritas corte americano krachitos 105 grs,krachitos,2995.0,2995.0,1.0 un
2026-05-10,papas fritas tradicional krachitos 275 grs,krachitos,6519.0,6519.0,1.0 un
2026-05-10,snacks de arroz carrefour classic crema y cebolla 80 grs,carrefour,1112.5,1250.0,1.0 un
2026-05-10,lomito de atún en aceite de oliva carrefour classic 160 grs,carrefour,3338.7,3590.0,1.0 un
2026-05-10,papas fritas carrefour classic corte americano 150 grs,carrefour,2716.6,2890.0,1.0 un
2026-05-10,porotos alubia carrefour classic secos remojados 340 grs,carrefour,1069.5,1150.0,1.0 un
2026-05-10,choclo amarillo cremoso carrefour classic 340 grs,carrefour,930.05,979.0,1.0 un
2026-05-10,fideos de arroz sin tacc wakas fusilli con chia 300 grs,wakas,2624.25,3499.0,1.0 un
2026-05-10,fideos de arroz sin tacc wakas fusilli con maíz 300 grs,wakas,2624.25,3499.0,1.0 un
2026-05-10,chips de chocolate amargo carrefour classic 150 g.,carrefour,2483.1,2790.0,1.0 un
2026-05-10,caldo sabor carne bulnez 6 uni,bulnez,546.0,546.0,1.0 un
2026-05-10,tomate perita carrefour extra 400 g.,carrefour,2227.4,2590.0,1.0 un
2026-05-10,tomate pelado cubeteado carrefour extra 400 g.,carrefour,2227.4,2590.0,1.0 un
2026-05-10,tofu soyland finas hierbas 320 grs,soyland,4359.0,4359.0,1.0 un
2026-05-10,galletitas sabor queso kesitas en estuche 250 g.,kesitas,3250.0,3250.0,1.0 un
2026-05-10,sal gruesa dos anclas en paquete 1 kg.,dos anclas,2459.0,2459.0,1.0 un
2026-05-10,maicitos clásicos pehuamar 265 g.,pehuamar,5899.0,5899.0,1.0 un
2026-05-10,aceitunas verdes rellenas carrefour classic 180 grs,carrefour,2180.5,2450.0,1.0 un
2026-05-10,premezcla  maizena tapas de alfajor sin tacc  400 g.,maizena,2066.35,3179.0,1.0 un
2026-05-10,fideos nido huevo carrefour classic 500 g.,carrefour,2528.6,2690.0,1.0 un
2026-05-10,canela molida carrefour classic en sobre 25 g.,carrefour,863.59,949.0,1.0 un
2026-05-10,azúcar impalpable carrefour classic en sobre 100 grs,carrefour,622.11,699.0,1.0 un
2026-05-10,jugo de limón bulnez en botella 500 cc.,bulnez,1891.0,1891.0,1.0 un
2026-05-10,sopa crema de choclo con puerro knorr 70 g.,knorr,2589.0,2589.0,1.0 un
2026-05-10,aceitunas en rodajas morixe dp 300 g.,morixe,2215.0,2215.0,1.0 un
2026-05-10,especias para empanadas el mercado 50 g.,el mercado,789.0,789.0,1.0 un
2026-05-10,maíz pisado blanco carrefour classic 400 g.,carrefour,1125.0,1250.0,1.0 un
2026-05-10,sal entrefina bulnez en bolsa 1 kg.,bulnez,1473.0,1473.0,1.0 un
2026-05-10,caldo knorr de verdura deshidratado 6 cubos,knorr,1659.0,1659.0,1.0 un
2026-05-10,caldo knorr de verdura balance 12 uni,knorr,3209.0,3209.0,1.0 un
2026-05-10,premezcla sin tacc exquisita brownie 400 g.,exquisita,5799.0,5799.0,1.0 un
2026-05-10,mousse de chocolate exquisita en sobre 95 g.,exquisita,2679.0,2679.0,1.0 un
2026-05-10,pimienta blanca carrefour classic en sobre 25 g.,carrefour,1830.8,1990.0,1.0 un
2026-05-10,pimenton dulce carrefour classic en sobre 25 g.,carrefour,1000.5,1150.0,1.0 un
2026-05-10,orégano carrefour classic en sobre 15 g.,carrefour,675.51,759.0,1.0 un
2026-05-10,chips de batatas quento 130 g.,quento,3900.0,3900.0,1.0 un
2026-05-10,fideos al huevo lucchetti spaghetti 500 g.,lucchetti,2100.0,2100.0,1.0 un
2026-05-10,rebozador preferido en bolsa 500 g.,preferido,1889.0,1889.0,1.0 un
2026-05-10,bizcochuelo exquisita de coco en caja 540 g.,exquisita,3675.0,3675.0,1.0 un
2026-05-10,bizcochuelo exquisita de limón en caja 540 g.,exquisita,3675.0,3675.0,1.0 un
2026-05-10,bizcochuelo exquisita de naranja en caja 540 g.,exquisita,3675.0,3675.0,1.0 un
2026-05-10,harina de trigo 0000 favorita fortificada 1 kg.,favorita,1499.0,1499.0,1.0 un
2026-05-10,gelatina exquisita de naranja 40 g.,exquisita,1250.0,1250.0,1.0 un
2026-05-10,gelatina light exquisita de durazno 25 g.,exquisita,1200.0,1200.0,1.0 un
2026-05-10,maní pelado pehuamar 135 g.,pehuamar,2790.0,2790.0,1.0 un
2026-05-10,aceite de oliva virgen natura extra suave 500 cc.,natura,14475.0,14475.0,1.0 un
2026-05-10,hummus con ajo ahumado kyros sin tacc 230 g.,kyros,3950.0,3950.0,1.0 un
2026-05-10,choclo en granos carrefour classic sin sal en lata 300 g.,carrefour,1348.5,1450.0,1.0 un
2026-05-10,arvejas secas remojadas carrefour classic sin sal 300 g.,carrefour,670.68,729.0,1.0 un
2026-05-10,aderezo hellmanns salsa golf doypack 250 g.,hellmanns,2699.0,2699.0,1.0 un
2026-05-10,fideos rina matarazzo rigatti 500 g.,matarazzo,3300.0,3300.0,1.0 un
2026-05-10,fideos rina matarazzo spaghetti de morrón 500 g.,matarazzo,3299.0,3299.0,1.0 un
2026-05-10,arroz preparado gallo vegetales dp 240 g.,gallo,3080.0,3080.0,1.0 un
2026-05-10,arroz preparado gallo queso dp 240 g.,gallo,3080.0,3080.0,1.0 un
2026-05-10,fideos rina matarazzo fusilli 500 g.,matarazzo,3300.0,3300.0,1.0 un
2026-05-10,papas fritas pringles de crema y cebolla 109 g.,pringles,5619.0,5619.0,1.0 un
2026-05-10,papas fritas pringles original 104 g.,pringles,5619.0,5619.0,1.0 un
2026-05-10,fideos tirabuzon al huevo don felipe 500 g.,don felipe,2349.0,2349.0,1.0 un
2026-05-10,fideos tallarines al huevo don felipe 500 g.,don felipe,2349.0,2349.0,1.0 un
2026-05-10,fideos spaghetti al huevo don felipe 500 g.,don felipe,2349.0,2349.0,1.0 un
2026-05-10,nachos macritas originales en bolsa 150 g.,macritas,3300.0,3300.0,1.0 un
2026-05-10,risotto parmesano azafran gallo en caja 240 g.,gallo,4399.0,4399.0,1.0 un
2026-05-10,risotto champiniones gallo en caja 240 g.,gallo,4399.0,4399.0,1.0 un
2026-05-10,risotto primavera gallo en caja 240 g.,gallo,4300.0,4300.0,1.0 un
2026-05-10,nestlé leche condensada orgánica 395 grs,nestlé,5355.0,5355.0,1.0 un
2026-05-10,arroz molinos ala monovarietal selecto 1 kg.,molinos ala,2350.0,2350.0,1.0 un
2026-05-10,arroz integral luccetti 1 kg.,lucchetti,2259.0,2259.0,1.0 un
2026-05-10,nachos macritas restaurant style 110 g.,macritas,2550.0,2550.0,1.0 un
2026-05-10,mostaza d´ fiesta 220 g.,fiesta,879.0,879.0,1.0 un
2026-05-10,mayonesa dánica dp 250 cc.,dánica,1089.0,1089.0,1.0 un
2026-05-10,polvo para hornear dicomere sin aluminio 250 g.,dicomere,3187.5,4250.0,1.0 un
2026-05-10,aceite de oliva cocinero extra virgen pet 250 cc.,cocinero,7699.0,7699.0,1.0 un
2026-05-10,palitos salados pehuamar 165 g.,pehuamar,3499.0,3499.0,1.0 un
2026-05-10,palitos sabor a queso pehuamar 165 g.,pehuamar,3499.0,3499.0,1.0 un
2026-05-10,papas fritas lays clásicas 230 g.,lays,6600.0,8800.0,1.0 un
2026-05-10,papas fritas sabor a queso y cebolla lays 77 g.,lays,2886.75,3849.0,1.0 un
2026-05-10,papas fritas sabor a jamón serrano lays 77 g.,lays,2856.75,3809.0,1.0 un
2026-05-10,nachos sabor a queso doritos 77 g.,doritos,3509.0,3509.0,1.0 un
2026-05-10,papas fritas lays clásicas 85 g.,lays,2886.75,3849.0,1.0 un
2026-05-10,mayonesa fiesta 237 grs,festa,1079.0,1079.0,1.0 un
2026-05-10,ravioles de ricota la salteña 450 g.,la salteña,3915.0,3915.0,1.0 un
2026-05-10,ñoquis de papa la salteña 900 g.,la salteña,5875.0,5875.0,1.0 un
2026-05-10,aceto balsámico casalta reducción pet 500 cc.,casalta,9630.0,9630.0,1.0 un
2026-05-10,aceto balsámico casalta clásico pet 500 cc.,casalta,6439.0,6439.0,1.0 un
2026-05-10,ravioles la salteña de carne y verdura blister 450 g.,la salteña,3915.0,3915.0,1.0 un
2026-05-10,nachos sabor a queso doritos 40 g.,doritos,2299.0,2299.0,1.0 un
2026-05-10,harina integral blancaflor 1 kg.,blancaflor,1990.0,1990.0,1.0 un
2026-05-10,papas fritas carrefour classic corte tradicional 250 g.,carrefour,4278.0,4650.0,1.0 un
2026-05-10,papas fritas sin sal carrefour classic 90 g.,carrefour,1813.5,1950.0,1.0 un
2026-05-10,mayonesa liviana hellmanns doypack 950 g.,hellmanns,5557.0,5557.0,1.0 un
2026-05-10,palitos salados krachitos 70 g.,krachitos,1200.0,1200.0,1.0 un
2026-05-10,papas pay krachitos 55 g.,krachitos,1849.0,1849.0,1.0 un
2026-05-10,rebozador panko mamá cocina 400 g.,mamá cocina,2765.0,2765.0,1.0 un
2026-05-10,postre de chocolate royal en sobre 65 g.,royal,1559.0,1559.0,1.0 un
2026-05-10,postre royal de vainilla 75 g.,royal,1559.0,1559.0,1.0 un
2026-05-10,sopa instantánea knorr quick vegetales apio 5 sobres.,knorr,3455.0,3455.0,1.0 un
2026-05-10,sopa instantánea knorr quick zapallo romero 5 sobres,knorr,3455.0,3455.0,1.0 un
2026-05-10,sopa instantánea knorr quick vegetales balance  5 sobres.,knorr,3455.0,3455.0,1.0 un
2026-05-10,gelatina royal sabor cereza 25 g.,genérico,1450.0,1450.0,1.0 un
2026-05-10,gelatina royal sabor frambuesa 25 g.,royal,1469.0,1469.0,1.0 un
2026-05-10,gelatina royal sabor frutilla 25 g.,genérico,1469.0,1469.0,1.0 un
2026-05-10,choclo amarillo en granos la campagnola 300 grs,la campagnola,2205.0,2205.0,1.0 un
2026-05-10,puré de papas knorr tradicional listo 125 g.,knorr,2895.0,2895.0,1.0 un
2026-05-10,bizcochuelo morixe de vainilla 540 g.,morixe,2899.0,2899.0,1.0 un
2026-05-10,orégano dos anclas 25 g.,dos anclas,1250.0,1250.0,1.0 un
2026-05-10,lentejas secas remojadas arcor en lata 300 g.,arcor,1500.0,1500.0,1.0 un
2026-05-10,garbanzos secos arcor lata 300 g.,arcor,1455.0,1455.0,1.0 un
2026-05-10,porotos negros secos remojados inalpa 300 g.,inalpa,1499.0,1499.0,1.0 un
2026-05-10,mayonesa light bc la campagnola 250 g.,la campagnola,1349.0,1349.0,1.0 un
2026-05-10,salsa queso cheddar adler doypack 250 g.,adler,5319.0,5319.0,1.0 un
2026-05-10,postre exquisita de vainilla 80 g.,ilolay,1200.0,1200.0,1.0 un
2026-05-10,jardinera de verduras inalpa vida sin sal 300 g,inalpa,919.0,919.0,1.0 un
2026-05-10,porotos colorados inalpa secos remojados 300 g.,inalpa,1799.0,1799.0,1.0 un
2026-05-10,harina integral chacabuco con semillas 750 g.,chacabuco,1989.0,1989.0,1.0 un
2026-05-10,mayonesa clásica hellmanns sin tacc doypack 950 g.,hellmanns,5557.0,5557.0,1.0 un
2026-05-10,mayonesa clásica hellmanns sin tacc doypack 237 g.,hellmanns,1598.0,1598.0,1.0 un
2026-05-10,provenzal dos anclas doy pack 50 g.,dos anclas,1999.0,1999.0,1.0 un
2026-05-10,caldo de gallina maggi 6 uni,maggi,764.25,1019.0,1.0 un
2026-05-10,bizcochuelo favorita vainilla 450 g.,favorita,2075.0,2075.0,1.0 un
2026-05-10,laurel en hojas alicante 10 g.,alicante,2069.0,2069.0,1.0 un
2026-05-10,ajo triturado alicante sobre 50 g.,alicante,1649.0,1649.0,1.0 un
2026-05-10,pimentón dulce alicante sobre 200 g.,alicante,5589.0,5589.0,1.0 un
2026-05-10,nuez moscada alicante molida sobre 25 g.,alicante,2389.0,2389.0,1.0 un
2026-05-10,comino molido alicante sobre 25 g.,alicante,1139.0,1139.0,1.0 un
2026-05-10,bicarbonato de sodio alicante bolsa 50 g.,alicante,850.0,850.0,1.0 un
2026-05-10,azafrán alicante blister x 2 uni,alicante,6250.0,6250.0,1.0 un
2026-05-10,semolín chacabuco x 1 kg.,chacabuco,1749.0,1749.0,1.0 un
2026-05-10,salsa de soja dos anclas libre de gluten 500 ml.,dos anclas,6070.0,6070.0,1.0 un
2026-05-10,condimento alicante milanesa sobre 25 g.,alicante,1189.0,1189.0,1.0 un
2026-05-10,condimento alicante pizza sobre 25 g.,alicante,1090.0,1090.0,1.0 un
2026-05-10,ají molido alicante sobre 50 g.,alicante,1819.0,1819.0,1.0 un
2026-05-10,premezcla exquisita cookies vainilla con chips 300 g.,exquisita,2835.0,2835.0,1.0 un
2026-05-10,capelletini giacomo verdura bolsa 250 g.,giacomo,3109.0,3109.0,1.0 un
2026-05-10,provenzal alicante sobre 25 g.,alicante,1339.0,1339.0,1.0 un
2026-05-10,orégano alicante sobre 25 g.,alicante,1519.0,1519.0,1.0 un
2026-05-10,salsa italiana la campagnola doy pack 340 g.,la campagnola,1449.0,1449.0,1.0 un
2026-05-10,salsa filetto la campagnola doy pack 340 g.,la campagnola,1450.0,1450.0,1.0 un
2026-05-10,saborizador gallina alicante sobre x 4 uni,alicante,1319.0,1319.0,1.0 un
2026-05-10,premezcla brownie mamá cocina 425 g.,mamá cocina,3825.0,3825.0,1.0 un
2026-05-10,bizcochuelo vainilla mamá cocina bolsa 540 g.,mamá cocina,2999.0,2999.0,1.0 un
2026-05-10,condimento sabor al horno knorr cebolla y ajo 21 g.,knorr,3189.0,3189.0,1.0 un
2026-05-10,condimento sabor al horno knorr limón y orégano 21 g.,knorr,3189.0,3189.0,1.0 un
2026-05-10,arroz carnaroli molinos ala caja 500 g.,molinos ala,3050.0,3050.0,1.0 un
2026-05-10,baño de repostería águila chocolate con leche 150 g.,águila,4200.0,4200.0,1.0 un
2026-05-10,porotos colorados secos remojados doña pupa tetra 340 g.,doña pupa,1430.0,1430.0,1.0 un
2026-05-10,aderezo caesar tau botella 300 g.,tau,4579.0,4579.0,1.0 un
2026-05-10,polenta instantánea don bernabeu 500 g.,don bernabeu,790.0,790.0,1.0 un
2026-05-10,snack sabor a pizza pep rueditas 120 g.,pep,3350.0,3350.0,1.0 un
2026-05-10,palitos sabor a queso pehuamar 90 g.,pehuamar,1870.0,1870.0,1.0 un
2026-05-10,harina de almendras dicomere doy pack sin tacc 200 g.,dicomere,7725.0,10300.0,1.0 un
2026-05-10,arroz largo fino máximo 00000 bolsa 500 g.,máximo,779.0,779.0,1.0 un
2026-05-10,arroz largo fino máximo 00000 bolsa 1 kg.,máximo,1469.0,1469.0,1.0 un
2026-05-10,merengue la amistad mediano color blanco sin tacc 100 grs.,la amistad,1460.0,1460.0,1.0 un
2026-05-10,premezcla santa maría panadería y respostería sin lactosa 1 kg. sin tacc,santa maría,8150.0,8150.0,1.0 un
2026-05-10,mayonesa light heinz con jugo de limón 350 g.,heinz,3299.0,3299.0,1.0 un
2026-05-10,ketchup heinz 190 g.,heinz,3300.0,3300.0,1.0 un
2026-05-10,bicarbonato de sodio s tacc pergola 50 g.,pergola,595.0,595.0,1.0 un
2026-05-10,pimentón pergola 25 g. sin tacc,pergola,585.0,585.0,1.0 un
2026-05-10,papas fritas carrefour classic cheddar 140 g.,carrefour,3591.0,3990.0,1.0 un
2026-05-10,mix de semillas genser multisemillas 120 g.,genser,2899.0,2899.0,1.0 un
2026-05-10,mix de semillas genser ensaladas y sopas 150 g.,genser,2795.0,2795.0,1.0 un
2026-05-10,mix de semillas genser desayuno 150 g.,genser,2499.0,2499.0,1.0 un
2026-05-10,aceite en aerosol cañuelas de oliva 187 cc.,cañuelas,5530.0,5530.0,1.0 un
2026-05-10,mostaza heinz 368 g.,heinz,3490.0,3490.0,1.0 un
2026-05-10,palmitos trozados bulnez en lata 400 grs,bulnez,3031.0,3031.0,1.0 un
2026-05-10,arroz yamani integral gallo 500 g.,gallo,3045.0,3045.0,1.0 un
2026-05-10,vinagre de vino blanco menoyo 500 cc.,menoyo,2050.0,2050.0,1.0 un
2026-05-10,fécula de mandioca sin tacc abucel en bolsa 500 grs,abucel,3049.0,3049.0,1.0 un
2026-05-10,almidón de maiz sin tacc abucel en bolsa 500 g.,abucel,2159.0,2159.0,1.0 un
2026-05-10,azúcar impalpable abucel sin tacc en bolsa 500 g.,abucel,2320.0,2320.0,1.0 un
2026-05-10,chips de papas rusticas nuestros sabores sal marina sin tacc 80 g.,nuestros sabores,1900.0,1900.0,1.0 un
2026-05-10,jugo de limón menoyo 500 cc.,menoyo,2589.0,2589.0,1.0 un
2026-05-10,sal gruesa dos estrellas 1 kg.,dos estrellas,1635.0,1635.0,1.0 un
2026-05-10,caldo de carne carrefour classic deshidratado 12 u.,carrefour,1137.5,1250.0,1.0 un
2026-05-10,snacks de arroz dos hermanos jamón 80 g.,dos hermanos,1600.0,1600.0,1.0 un
2026-05-10,vinagre de manzana menoyo pet 250 cc.,menoyo,1255.0,1255.0,1.0 un
2026-05-10,chips de batata sin tacc nuestros sabores yukitas 70 g.,nuestros sabores,1950.0,1950.0,1.0 un
2026-05-10,aceite de oliva cañuelas extra virgen clásico pet 500 cc.,cañuelas,14859.0,14859.0,1.0 un
2026-05-10,premezcla integral para pizza pureza 550 grs,pureza,2400.0,2400.0,1.0 un
2026-05-10,fideos municiones lucchetti bolsa 500 g.,lucchetti,1500.0,1500.0,1.0 un
2026-05-10,arroz carnaroli gallo 500 g.,gallo,3145.0,3145.0,1.0 un
2026-05-10,fideos fettuccini matarazzo nido 500 g.,matarazzo,2900.0,2900.0,1.0 un
2026-05-10,ketchup picante la campagnola 250 g.,bc,1745.0,1745.0,1.0 un
2026-05-10,ketchup la campagnola 250 g.,bc,1745.0,1745.0,1.0 un
2026-05-10,filet de anchoas en aceite carrefour classic 90 grs,carrefour,5254.5,5650.0,1.0 un
2026-05-10,aceite de maíz mazola clásico pet 900 cc.,mazola,5710.0,5710.0,1.0 un
2026-05-10,harina de trigo 000 pureza 1 kg.,pureza,1115.0,1115.0,1.0 un
2026-05-10,aceite de maíz arcor 900 cc.,arcor,6149.0,6149.0,1.0 un
2026-05-10,arroz molinos ala doble bolsa 500 g.,molinos ala,1690.0,1690.0,1.0 un
2026-05-10,arroz molinos ala parboil dorado 500 g.,molinos ala,1190.0,1190.0,1.0 un
2026-05-10,galletitas crackers kesitas 125 g.,kesitas,2245.0,2245.0,1.0 un
2026-05-10,salsa de soja darama 500 cc.,darama,4109.0,4109.0,1.0 un
2026-05-10,tapitas de vainilla soriano mini 200 g.,soriano,3250.0,3250.0,1.0 un
2026-05-10,porotos negros secos 500 g.,genérico,3190.0,3190.0,1.0 un
2026-05-10,maíz pisingallo 500 g.,genérico,1500.0,1500.0,1.0 un
2026-05-10,lentejones secos 500 g.,genérico,3399.0,3399.0,1.0 un
2026-05-10,paté de atún carrefour classic 80 grs,carrefour,1487.2,1690.0,1.0 un
2026-05-10,galletitas crackers rex original 125 g.,rex,2245.0,2245.0,1.0 un
2026-05-10,ramen nissin carne 85 g.,nissin ramen,2085.0,2085.0,1.0 un
2026-05-10,ramen nissin pollo 85 g.,nissin ramen,2085.0,2085.0,1.0 un
2026-05-10,vinagre de alcohol casalta clásica 500 cc.,casalta,1205.0,1205.0,1.0 un
2026-05-10,tomillo 50 g.,genérico,699.0,699.0,1.0 un
2026-05-10,romero 50 g.,genérico,1099.0,1099.0,1.0 un
2026-05-10,perejil deshidratado 50 g.,genérico,1029.0,1029.0,1.0 un
2026-05-10,paprika 50 g.,genérico,1119.0,1119.0,1.0 un
2026-05-10,nuez moscada en grano 2 u.,genérico,1199.0,1199.0,1.0 un
2026-05-10,curry 50 g.,genérico,1029.0,1029.0,1.0 un
2026-05-10,albahaca 50 g.,genérico,979.0,979.0,1.0 un
2026-05-10,aceite de oliva carrefour classic virgen lata 1 l.,carrefour,29394.0,31950.0,1.0 un
2026-05-10,premezcla para panadería y repostería santa maría 1 kg. sin tacc,santa maría,8100.0,8100.0,1.0 un
2026-05-10,galletitas crackers rex original 75 g.,rex,1629.0,1629.0,1.0 un
2026-05-10,esencia de vainilla dos anclas pet 100 cc.,dos anclas,2030.0,2030.0,1.0 un
2026-05-10,galletitas crackers kesitas rex 75 g.,rex,1629.0,1629.0,1.0 un
2026-05-10,aceitunas verdes descarozadas premium nucete 360 grs,nucete,4860.0,4860.0,1.0 un
2026-05-10,sal fina celusal 100 g.,celusal,1849.0,1849.0,1.0 un
2026-05-10,coctel cinco frutas carrefour classic 820 g,carrefour,2625.5,2950.0,1.0 un
2026-05-10,harina de trigo caserita para pizzas 1 kg.,caserita,1440.0,1440.0,1.0 un
2026-05-10,palmitos enteros carrefour 800 g.,carrefour,7518.0,8950.0,1.0 un
2026-05-10,vinagre de manzana carrefour classic 1 l.,carrefour,3280.6,3490.0,1.0 un
2026-05-10,sal fina light dos anclas caja 500 g.,dos anclas,5119.0,5119.0,1.0 un
2026-05-10,sal entrefina parrillera celusal paquete 1 kg,celusal,2589.0,2589.0,1.0 un
2026-05-10,galletitas snacks saladix sabor pizza 100 grs,saladix,1569.0,1569.0,1.0 un
2026-05-10,bolsa para horno maggi mediterráneo 25 grs,maggi,2600.0,2600.0,1.0 un
2026-05-10,bolsa para horno maggi finas hierbas 24 grs,maggi,2700.0,2700.0,1.0 un
2026-05-10,polenta presto pronta vegetales 250 grs,presto pronta,1559.0,1559.0,1.0 un
2026-05-10,geltina uva ultravioleta royal + tang 25 grs,royal,1469.0,1469.0,1.0 un
2026-05-10,premezcla pancake proteico granger sabor chocolate 400 grs,granger,15499.0,15499.0,1.0 un
2026-05-10,premezcla pancake proteico granger de vainilla 400 grs,granger,15499.0,15499.0,1.0 un
2026-05-10,aderezo sabor asado hellmanns dp 250 grs,hellmanns,2459.25,3279.0,1.0 un
2026-05-10,nachos sabor pizza doritos 35 grs,doritos,2300.0,2300.0,1.0 un
2026-05-10,palitos de maíz ondulados cheetos sabor ketchup 80 grs,cheetos,3515.0,3515.0,1.0 un
2026-05-10,picadillo picante swift chile chipotle 90 grs,swift,1119.0,1119.0,1.0 un
2026-05-10,paté de foie picante swift jalapeño 90 grs,swift,1120.0,1120.0,1.0 un
2026-05-10,avena tradicional quaker en caja 550 grs,quaker,3240.0,3240.0,1.0 un
2026-05-10,avena extra fina quaker en caja 473 grs,quaker,3240.0,3240.0,1.0 un
2026-05-10,saborizador finas hierbas knorr bolsa para horno 21 grs,knorr,3189.0,3189.0,1.0 un
2026-05-10,choclo carrefour classic dp 240 grs,carrefour,1242.0,1350.0,1.0 un
2026-05-10,papas fritas bulnez sabor original en tubo 45 grs,bulnez,1490.0,1490.0,1.0 un
2026-05-10,galletitas snacks carrefour classic sabor pizza 70 grs,carrefour,1024.6,1090.0,1.0 un
2026-05-10,flan dulce de leche godet en sobre 25 grs,godet,749.0,749.0,1.0 un
2026-05-10,pepinillos en vinagre carrefour extra 1600 grs,carrefour,12190.0,13250.0,1.0 un
2026-05-10,pepinillo en vinagre carrefour extra 680 grs,carrefour,6542.9,7190.0,1.0 un
2026-05-10,pepinillos en vinagre carrefour extra 350 grs,carrefour,4904.9,5390.0,1.0 un
2026-05-10,snack de arroz molinos ala sabor queso 80 grs,molinos ala,2019.0,2019.0,1.0 un
2026-05-10,takis intense nacho 140 grs,takis,4988.7,4988.7,1.0 un
2026-05-10,takis intense nacho 49 grs,takis,1989.0,1989.0,1.0 un
2026-05-10,galletitas snack crujitas de jamón serrano fp 120 grs,9 de oro,1699.0,1699.0,1.0 un
2026-05-10,galletitas snack crujitas sabor queso 120 grs,9 de oro,1699.0,1699.0,1.0 un
2026-05-10,lasagna al huevo rina matarazzo 400 grs,rina,5000.0,5000.0,1.0 un
2026-05-10,fideos tirabuzón tricolor pietro coricelli 500 grs,pietro coricelli,2966.5,3490.0,1.0 un
2026-05-10,galletitas saladas saladix sabor jamón 40 grs,saladix,999.0,999.0,1.0 un
2026-05-10,nachos tostitos 160 grs,tostitos,4799.0,4799.0,1.0 un
2026-05-10,jugo de limón carrefour classic pet 1 lt,carrefour,3357.9,3690.0,1.0 un
2026-05-10,jengibre molido la parmesana en sobre 15 grs,la parmesana,790.0,790.0,1.0 un
2026-05-10,cúrcuma molida la parmesana en sobre 15 grs,la parmesana,790.0,790.0,1.0 un
2026-05-10,pimenton extra la parmesana en sobre 15 grs,la parmesana,519.0,519.0,1.0 un
2026-05-10,condimento para carnes la parmesana en sobre 15 grs,la parmesana,730.0,730.0,1.0 un
2026-05-10,picadillo de carne bulnez en lata 90 grs,bulnez,883.0,883.0,1.0 un
2026-05-10,fideos fetuccini carrefour extra en caja 500 grs,carrefour,4094.0,4450.0,1.0 un
2026-05-10,fideos noodles de vegetales carrefour classic 65 grs,carrefour,2191.2,2490.0,1.0 un
2026-05-10,fideos noodles de carne carrefour classic 65 grs,carrefour,2191.2,2490.0,1.0 un
2026-05-10,passata classica pietro coricelli 690 grs,pietro coricelli,4190.0,4190.0,1.0 un
2026-05-10,fideos penne de semolina pietro coricelli 500 grs,pietro coricelli,2990.0,2990.0,1.0 un
2026-05-10,fideos linguine de semolina pietro coricelli 500 grs,pietro coricelli,2990.0,2990.0,1.0 un
2026-05-10,premezcla universal dicomere sin gluten 450 grs,dicomere,2399.25,3199.0,1.0 un
2026-05-10,fideos capelli d' angelo carrefour classic 500 grs,carrefour,2836.5,3050.0,1.0 un
2026-05-10,fideos fusilli carrefour classic 500 grs,carrefour,2650.5,2850.0,1.0 un
2026-05-10,fideos penne rigante carrefour classic 500 grs,carrefour,2650.5,2850.0,1.0 un
2026-05-10,fideos spaghetti carrefour classic 500 grs,carrefour,2650.5,2850.0,1.0 un
2026-05-10,harina de trigo 0000 bulnez 1 kg,bulnez,1029.0,1029.0,1.0 un
2026-05-10,salsa guacamole tau en botella 290 grs,tau,4980.0,4980.0,1.0 un
2026-05-10,galleta snack redonda carrefour classic 70 grs,carrefour,872.69,959.0,1.0 un
2026-05-10,zanahorias enteras carrefour extra en lata 400 grs,carrefour,2541.5,2990.0,1.0 un
2026-05-10,pickles en vinagre nucete dp 220 grs,nucete,1820.0,1820.0,1.0 un
2026-05-10,polenta don bernabeu 500 grs,don bernabeu,1190.0,1190.0,1.0 un
2026-05-10,papas fritas quento sabor limón 82 grs,quento,2590.0,2590.0,1.0 un
2026-05-10,poroto de soja carrefour classic 500 grs,carrefour,1090.0,1090.0,1.0 un
2026-05-10,papas fritas krachitos de crema y cebolla 90 grs,krachitos,3050.0,3050.0,1.0 un
2026-05-10,palitos salados krachitos sabor panceta 110 grs,krachitos,1700.0,1700.0,1.0 un
2026-05-10,saborizador puerro knorr 4 uni,knorr,1570.0,1570.0,1.0 un
2026-05-10,saborizador barbacoa knorr 4 uni,knorr,1699.0,1699.0,1.0 un
2026-05-10,saborizador de verdura knorr en sobre 4 uni,knorr,1570.0,1570.0,1.0 un
2026-05-10,puré de tomate rina matarazzo passata 500 grs,rina,5449.0,5449.0,1.0 un
2026-05-10,merluza en aceite carrefour classic 340 grs,carrefour,3084.9,3390.0,1.0 un
2026-05-10,tomillo alicante sobre x 10 grs,alicante,879.0,879.0,1.0 un
2026-05-10,bicarbonato de sodio dicomere 200 grs,dicomere,1755.0,2340.0,1.0 un
2026-05-10,rebozador de arroz sin tacc dicomere 450 grs,dicomere,2497.5,3330.0,1.0 un
2026-05-10,snack doritos dinamita flamin' hot 82 grs,doritos,3000.0,3000.0,1.0 un
2026-05-10,nachos doritos sweet chili 74 grs,doritos,3849.0,3849.0,1.0 un
2026-05-10,salsa barbacoa kansas botella chica 295 grs,kansas,3750.0,3750.0,1.0 un
2026-05-10,gelatina carrefour classic sabor frutilla 25 grs,carrefour,873.27,939.0,1.0 un
2026-05-10,gelatina carrefour classic sabor frambuesa 25 grs,carrefour,873.27,939.0,1.0 un
2026-05-10,gelatina sin sabor carrefour classic 14 grs,carrefour,827.19,909.0,1.0 un
2026-05-10,maní frito carrefour classic de crema y cebolla 85 grs,carrefour,1035.0,1150.0,1.0 un
2026-05-10,maní tostado sin sal carrefour classic 350 grs,carrefour,3524.7,3790.0,1.0 un
2026-05-10,maní tostado sin sal carrefour classic 105 grs,carrefour,1125.0,1250.0,1.0 un
2026-05-10,aceitunas verdes descarozadas castell dp 110 grs,castell,2299.0,2299.0,1.0 un
2026-05-10,pimienta negra en grano la parmesana 15 grs,la parmesana,1100.0,1100.0,1.0 un
2026-05-10,gelatina light bc de frutilla 18 grs,bc,1039.0,1039.0,1.0 un
2026-05-10,ajo picado deshidratado el mercado 50 grs,el mercado,1159.0,1159.0,1.0 un
2026-05-10,curry el mercado 50 grs,el mercado,799.0,799.0,1.0 un
2026-05-10,premezcla para pizza carrefour classic 500 grs,carrefour,1370.8,1490.0,1.0 un
2026-05-10,salsa lista para pizza carrefour classic 340 grs,carrefour,1187.5,1250.0,1.0 un
2026-05-10,salsa lista filetto carrefour classic 340 grs,carrefour,1187.5,1250.0,1.0 un
2026-05-10,mini tostaditas twistos de jamón 40 grs,twistos,2099.0,2099.0,1.0 un
2026-05-10,ajo granulado carrefour classic en sobre 25 grs,carrefour,892.06,949.0,1.0 un
2026-05-10,papas fritas carrefour classic sabo huevo frito en tubo 140 grs,carrefour,3710.7,3990.0,1.0 un
2026-05-10,pochoclo orgánico bamboo sweet salty pack 80 grs,bamboo,3000.0,3000.0,1.0 un
2026-05-10,fideos de arroz sin tacc wakas penne rigante con maíz 300 grs,wakas,2624.25,3499.0,1.0 un
2026-05-10,fideos fusilli sin tacc wakas amaranto 300 grs,wakas,2624.25,3499.0,1.0 un
2026-05-10,premezcla para pan y pizza chacabuco sin tacc 400 g.,chacabuco,3199.0,3199.0,1.0 un
2026-05-10,sal entrefina dos anclas en paquete 1 kg.,dos anclas,2555.0,2555.0,1.0 un
2026-05-10,crema chantilly carrefour classic 250 g.,carrefour,5694.8,6190.0,1.0 un
2026-05-10,coco rallado carrefour classic 25 g.,carrefour,650.07,699.0,1.0 un
2026-05-10,aderezo hellmanns picante 250 g.,hellmanns,2460.0,3280.0,1.0 un
2026-05-10,fideos nido huevo carrefour classic 500 g.,carrefour,2528.6,2690.0,1.0 un
2026-05-10,papas fritas bulnez corte clásico 120 g.,bulnez,2090.0,2090.0,1.0 un
2026-05-10,vinagre de manzana bulnez en botella 500 cc.,bulnez,1986.0,1986.0,1.0 un
2026-05-10,harina de trigo integral chacabuco orgánica 750 g.,chacabuco,2359.0,2359.0,1.0 un
2026-05-10,aceitunas enteras morixe dp 300 g.,morixe,2200.0,2200.0,1.0 un
2026-05-10,salsa pomodoro con zapallo knorr 340 g.,knorr,1087.5,1450.0,1.0 un
2026-05-10,salsa pomarola balance knorr 340 g.,knorr,1124.25,1499.0,1.0 un
2026-05-10,maiz dulce en granos carrefour extra 340 g.,carrefour,2720.9,2990.0,1.0 un
2026-05-10,aceto balsamico carrefour extra di modena 500 cc.,carrefour,5541.9,6090.0,1.0 un
2026-05-10,papas fritas pringles original 37 g.,pringles,2730.0,2730.0,1.0 un
2026-05-10,premezcla maizena pan y pizza sin tacc  500 g.,maizena,3158.35,4859.0,1.0 un
2026-05-10,caldo knorr de gallina deshidratado balance 12 cubos,knorr,3209.0,3209.0,1.0 un
2026-05-10,premezcla de bizcochuelo chocolate bulnez 480 g.,bulnez,2469.0,2469.0,1.0 un
2026-05-10,premezcla de bizcochuelo limón bulnez 480 g.,bulnez,2075.0,2075.0,1.0 un
2026-05-10,premezcla de bizcochuelo vainilla bulnez 480 g.,bulnez,2075.0,2075.0,1.0 un
2026-05-10,condimento provenzal carrefour classic en sobre 25 g.,carrefour,1047.2,1190.0,1.0 un
2026-05-10,ají molido carrefour classic en sobre 25 g.,carrefour,919.77,989.0,1.0 un
2026-05-10,adobo para pizza carrefour classic en sobre 25 g.,carrefour,910.47,979.0,1.0 un
2026-05-10,premezcla bizcochuelo sin tacc mamá cocina de vainilla 450 g.,mamá cocina,4399.0,4399.0,1.0 un
2026-05-10,fideos al huevo lucchetti mostachol 500 g.,lucchetti,2100.0,2100.0,1.0 un
2026-05-10,rebozador preferido crunch 900 g.,preferido,5549.0,5549.0,1.0 un
2026-05-10,rebozador preferido horno en bolsa 500 g.,preferido,2249.0,2249.0,1.0 un
2026-05-10,brownies de limón exquisita 425 g.,exquisita,5000.0,5000.0,1.0 un
2026-05-10,arroz largo fino 00000 gallo en bolsa 500 g.,gallo,1160.0,1160.0,1.0 un
2026-05-10,aceite de oliva extra virgen natura andino 500 cc.,natura,17599.0,17599.0,1.0 un
2026-05-10,papas fritas quento de queso ciboulette 82 g.,quento,2299.0,2299.0,1.0 un
2026-05-10,hummus con remolacha kyros sin tacc 230 g.,kyros,3990.0,3990.0,1.0 un
2026-05-10,lentejas secas remojadas carrefour classic sin sal 300 g.,carrefour,1150.0,1250.0,1.0 un
2026-05-10,arroz preparado gallo verdeo dp 240 g.,gallo,3080.0,3080.0,1.0 un
2026-05-10,fideos al huevo n7 lucchetti tallarin 500 g.,lucchetti,2100.0,2100.0,1.0 un
2026-05-10,puré de papas maggi 4 quesos 100 grs,maggi,2613.75,3485.0,1.0 un
2026-05-10,mayonesa cañuelas 250 cc.,cañuelas,1329.0,1329.0,1.0 un
2026-05-10,tubitos de harina de maíz sabor queso 3d mega queso 85 g.,3d,3849.0,3849.0,1.0 un
2026-05-10,chizitos de maíz sabor a queso cheetos original 229 g.,cheetos,7999.0,7999.0,1.0 un
2026-05-10,chizitos de maíz sabor a queso cheetos original 140 g.,cheetos,5399.0,5399.0,1.0 un
2026-05-10,chizitos de maíz sabor a queso cheetos original 85 g.,cheetos,3849.0,3849.0,1.0 un
2026-05-10,pochoclo dulce popcorn para microondas 87 g.,popcorn,1500.0,2000.0,1.0 un
2026-05-10,premezcla para pizza pureza masa madre 550 g.,mamá cocina,2539.0,2539.0,1.0 un
2026-05-10,nestlé leche condensada descremada orgánica 395 grs,nestlé,5355.0,5355.0,1.0 un
2026-05-10,premezcla lucchetti torta frita 500 g.,lucchetti,2800.0,2800.0,1.0 un
2026-05-10,maní frito salado maní king 100 g.,maní king,1320.0,1320.0,1.0 un
2026-05-10,maggi caldo de gallina menos sodio 12 uni,maggi,1361.25,1815.0,1.0 un
2026-05-10,papas fritas sabor a jamón serrano lays 122 g.,lays,4050.0,5400.0,1.0 un
2026-05-10,harina de arroz yamani dicomere 450 g.,dicomere,2399.25,3199.0,1.0 un
2026-05-10,papas fritas pehuamar 230 g.,pehuamar,6299.0,6299.0,1.0 un
2026-05-10,papas fritas pehuamar 135 g.,pehuamar,3899.0,3899.0,1.0 un
2026-05-10,mayonesa dánica 1 kg.,dánica,4079.0,4079.0,1.0 un
2026-05-10,nachos sabor cheddar carrefour classic en bolsa 90 g.,carrefour,1830.8,1990.0,1.0 un
2026-05-10,nachos sabor original carrefour classic en bolsa 90 g.,carrefour,1830.8,1990.0,1.0 un
2026-05-10,pochoclos gallo snacks con caramelo 50 g.,gallo snacks,2449.0,2449.0,1.0 un
2026-05-10,premezcla natural pop sin tacc para faina 210 g.,natural pop,1470.0,1470.0,1.0 un
2026-05-10,maní tostado pelado sin sal x kg,genérico,7999.0,7999.0,0.1 kg
2026-05-10,conos sabor queso carrefour classic 60 g.,carrefour,1571.7,1690.0,1.0 un
2026-05-10,papas fritas corte tradicional carrefour classic 50 g.,carrefour,1282.5,1350.0,1.0 un
2026-05-10,palitos de maíz krechitos con queso 60 g.,krachitos,1685.0,1685.0,1.0 un
2026-05-10,maní pelado krachitos frito salado 110 g.,krachitos,2069.0,2069.0,1.0 un
2026-05-10,bastonsitos horneados krachitos maxi queso 60 g.,krachitos,1650.0,1650.0,1.0 un
2026-05-10,papas pay krachitos 150 g.,krachitos,4019.0,4019.0,1.0 un
2026-05-10,flan royal de vainilla 60 g.,royal,1489.0,1489.0,1.0 un
2026-05-10,postre royal de chocolate 50 g.,royal,1559.0,1559.0,1.0 un
2026-05-10,hummus kyros con pimentón picante 230 g.,kyros,4159.0,4159.0,1.0 un
2026-05-10,salsa de tomate cica tuco 340 g.,cica,1289.0,1289.0,1.0 un
2026-05-10,salsa de tomate cica pomarola  340 g.,cica,1265.0,1265.0,1.0 un
2026-05-10,salsa de tomate cica pizza 340 g.,cica,1265.0,1265.0,1.0 un
2026-05-10,mayonesa liviana hellmanns doypack 237 g.,hellmanns,1599.0,1599.0,1.0 un
2026-05-10,atún trozado al natural gomes da costa 170 grs,gomes da costa,3660.0,3660.0,1.0 un
2026-05-10,gelatina royal sabor frutilla 25 g.,genérico,1450.0,1450.0,1.0 un
2026-05-10,gelatina royal sabor durazno 25 g.,genérico,1469.0,1469.0,1.0 un
2026-05-10,gelatina royal cereza 25 g.,royal,1450.0,1450.0,1.0 un
2026-05-10,garbanzos la campagnola secos remojados 300 g.,la campagnola,1595.0,1595.0,1.0 un
2026-05-10,lentejas la campagnola secas remojadas 300 g.,la campagnola,1749.0,1749.0,1.0 un
2026-05-10,arroz largo fino itá caabó 1 kg.,itá caabó,2495.0,2495.0,1.0 un
2026-05-10,pan rallado mamá cocina con ajo y perejil 500 g.,mamá cocina,2089.0,2089.0,1.0 un
2026-05-10,mayonesa clásica hellmanns sin tacc squeeze 320 g.,genérico,3469.0,3469.0,1.0 un
2026-05-10,puré de papas knorr receta completa  125 g.,knorr,3239.0,3239.0,1.0 un
2026-05-10,tubitos de harina de maíz sabor queso 3d mega queso 143 g.,genérico,5399.0,5399.0,1.0 un
2026-05-10,vinagre de alcohol favinco sin tacc 500 cc.,favinco,1159.0,1159.0,1.0 un
2026-05-10,arvejas secas remojadas la campagnola 300 g.,la campagnola,1409.0,1409.0,1.0 un
2026-05-10,mix especias alicante finas hierbas sobre 20 g.,alicante,1439.0,1439.0,1.0 un
2026-05-10,galletitas shiva crackers pimentón 100 g.,shiva,2950.0,2950.0,1.0 un
2026-05-10,bizcochuelo águila vainilla 530 g.,águila,4499.0,4499.0,1.0 un
2026-05-10,sopa de fideos con vegetales alicante 72 g.,alicante,1735.0,1735.0,1.0 un
2026-05-10,sopa crema de choclo alicante sobre 69 g.,alicante,1735.0,1735.0,1.0 un
2026-05-10,fideos nido el record al huevo con espinaca 500 g.,el record,3219.0,3219.0,1.0 un
2026-05-10,mayonesa hellmanns receta casera doypack 445 g.,hellmanns,4499.0,4499.0,1.0 un
2026-05-10,mayonesa light bc la campagnola 1 kg.,la campagnola,4749.0,4749.0,1.0 un
2026-05-10,bizcochuelo águila de chocolate 530 g.,águila,4959.0,4959.0,1.0 un
2026-05-10,salsa alioli dos anclas 340 g.,aleluya,4999.0,4999.0,1.0 un
2026-05-10,postre exquisita de dulce de leche 80 g.,exquisita,1200.0,1200.0,1.0 un
2026-05-10,postre exquisita de chocolate 80 g.,exquisita,1600.0,1600.0,1.0 un
2026-05-10,choclo amarillo en granos inalpa lata 300 g.,inalpa,1750.0,1750.0,1.0 un
2026-05-10,salsa caesar light sin tacc dos anclas botella 360 g.,dos anclas,4775.0,4775.0,1.0 un
2026-05-10,salsa caesar dos anclas sin tacc dos anclas botella 350 g.,dos anclas,4585.0,4585.0,1.0 un
2026-05-10,azúcar impalpable dos anclas bolsa 300 g.,dos anclas,2530.0,2530.0,1.0 un
2026-05-10,postre light exquisita dulce de leche en sobre 60 g.,exquisita,1200.0,1200.0,1.0 un
2026-05-10,postre light exquisita sabor chocolate en sobre 65 g.,exquisita,1600.0,1600.0,1.0 un
2026-05-10,harina integral chacabuco con legumbres 750 g.,chacabuco,1969.0,1969.0,1.0 un
2026-05-10,perejil deshidratado alicante sobre 25 g.,alicante,1850.0,1850.0,1.0 un
2026-05-10,comino molido alicante sobre 50 g.,alicante,2250.0,2250.0,1.0 un
2026-05-10,aceto casalta reducción 250 cc.,casalta,5200.0,5200.0,1.0 un
2026-05-10,romero sobre alicante 15 g.,alicante,919.0,919.0,1.0 un
2026-05-10,coco rallado alicante sobre 50 g.,alicante,2009.0,2009.0,1.0 un
2026-05-10,cebolla deshidratada alicante 50 g.,alicante,2359.0,2359.0,1.0 un
2026-05-10,canela molida alicante sobre 25 g.,alicante,1679.0,1679.0,1.0 un
2026-05-10,salsa blanca alicante sobre 40 g.,alicante,1529.0,1529.0,1.0 un
2026-05-10,mix especias alicante a las brasas sobre 25 g.,alicante,1439.0,1439.0,1.0 un
2026-05-10,mix especias alicante criollo sobre 25 g.,alicante,1439.0,1439.0,1.0 un
2026-05-10,pimienta negra alicante en grano sobre 25 g.,alicante,1800.0,1800.0,1.0 un
2026-05-10,pimienta blanca alicante molida sobre 25 g.,alicante,2139.0,2139.0,1.0 un
2026-05-10,condimento alicante empanadas sobre 25 g.,alicante,1329.0,1329.0,1.0 un
2026-05-10,condimento alicante pizza sobre 50 g.,alicante,2129.0,2129.0,1.0 un
2026-05-10,condimento alicante carnes sobre 25 g.,alicante,1389.0,1389.0,1.0 un
2026-05-10,ají molido alicante sobre 25 g.,alicante,1039.0,1039.0,1.0 un
2026-05-10,condimento sabor al horno knorr barbacoa sobre 35 g,knorr,3189.0,3189.0,1.0 un
2026-05-10,aceite de oliva extra virgen cocinero suave 500 cc.,cocinero,13650.0,13650.0,1.0 un
2026-05-10,polenta orgánica dicomere paquete 450 g.,dicomere,1500.0,2000.0,1.0 un
2026-05-10,baño de repostería semi amargo águila bolsa 150 g.,águila,4200.0,4200.0,1.0 un
2026-05-10,puré de tomate arcor tetra 210 g.,arcor,845.0,845.0,1.0 un
2026-05-10,porotos negros secos remojados doña pupa tetra 340 g.,doña pupa,1489.0,1489.0,1.0 un
2026-05-10,choclo cremoso amarillo doña pupa tetra 340 g.,doña pupa,1049.0,1049.0,1.0 un
2026-05-10,garbanzos secos remojados doña pupa tetra 340 g.,doña pupa,1140.0,1140.0,1.0 un
2026-05-10,lentejas secas remojadas doña pupa tetra 340 g.,doña pupa,1420.0,1420.0,1.0 un
2026-05-10,mini tostadas de queso twistos 155 g.,twistos,5000.0,5000.0,1.0 un
2026-05-10,harina leudante sin sodio pureza 1 kg.,pureza,1899.0,1899.0,1.0 un
2026-05-10,salsa cheddar tau botella pet 300 g.,tau,4529.0,4529.0,1.0 un
2026-05-10,snack sabor a pizza pep rueditas 74 g.,pep,2149.0,2149.0,1.0 un
2026-05-10,harina de coco dicomere doy pack 200 g.,dicomere,3524.25,4699.0,1.0 un
2026-05-10,pan rallado cañuelas 500 g.,cañuelas,1429.0,1429.0,1.0 un
2026-05-10,papas fritas acanaladas pehuamar 230 g.,pehuamar,6299.0,6299.0,1.0 un
2026-05-10,aceite de girasol pureza 1500 cc.,pureza,6649.0,6649.0,1.0 un
2026-05-10,sal entrefina parrillera celusal paquete 500 g,celusal,1490.0,1490.0,1.0 un
2026-05-10,quinoa blanca terrasana sin conservantes 250 g.,terrasana,7890.0,7890.0,1.0 un
2026-05-10,polvo para hornear pergola 50 g. sin tacc,pergola,1450.0,1450.0,1.0 un
2026-05-10,nuez moscada pergola molida 25 g. sin tacc,pergola,1345.0,1345.0,1.0 un
2026-05-10,condimento para pizza pergola 25 g. sin tacc,pergola,600.0,600.0,1.0 un
2026-05-10,albahaca deshidratada pergola 25 g. sin tacc,pergola,396.0,396.0,1.0 un
2026-05-10,ají molido pergola 25 g. sin tacc,pergola,800.0,800.0,1.0 un
2026-05-10,rebozador morixe 1 kg.,morixe,2700.0,2700.0,1.0 un
2026-05-10,rebozador morixe 500 g.,morixe,1550.0,1550.0,1.0 un
2026-05-10,arroz yamaní,genérico,2499.0,2499.0,1.0 un
2026-05-10,sal fina dos anclas salero 500 g.,dos anclas,3469.0,3469.0,1.0 un
2026-05-10,vinagre de manzana pampagourmet orgánico 250 cc.,pampagourmet,7300.0,7300.0,1.0 un
2026-05-10,semillas de girasol genser 150 g.,genser,1799.0,1799.0,1.0 un
2026-05-10,palitos rueditas pep 40 g.,pep,1380.0,1380.0,1.0 un
2026-05-10,premezcla para pan de queso carrefour classic 200 g. sin tacc,carrefour,3051.0,3790.0,1.0 un
2026-05-10,aceite de oliva carrefour selection extra virgen 250 cc.,carrefour,8055.6,9590.0,1.0 un
2026-05-10,harina de maiz carrefour orgánico 500 g.,carrefour,1292.7,1390.0,1.0 un
2026-05-10,premezcla sin tacc abucel en bolsa 500 g.,abucel,3609.0,3609.0,1.0 un
2026-05-10,harina de arroz sin tacc abucel de arroz blanco 500 g.,abucel,2069.0,2069.0,1.0 un
2026-05-10,aceite cocinero mezcla soja girasol 900 g.,cocinero,3089.0,3089.0,1.0 un
2026-05-10,palitos de arroz dos hermanos queso 80 g.,dos hermanos,1600.0,1600.0,1.0 un
2026-05-10,aceite de oliva natura rocío vegetal 120 cc.,natura,6105.0,6105.0,1.0 un
2026-05-10,fideos nido fettucini lucchetti bolsa 500 g.,lucchetti,2410.0,2410.0,1.0 un
2026-05-10,chips de mandioca sin tacc nuestros sabores yukitas 85 g.,nuestros sabores,1950.0,1950.0,1.0 un
2026-05-10,jugo de limón menoyo 250 cc.,menoyo,1600.0,1600.0,1.0 un
2026-05-10,aceite mezcla natura blend 1.5 l.,natura,10249.0,10249.0,1.0 un
2026-05-10,aceite mezcla natura blend 900 cc.,natura,6289.0,6289.0,1.0 un
2026-05-10,aceite de oliva cañuelas extra virgen suave pico dosificador 500 cc.,cañuelas,14859.0,14859.0,1.0 un
2026-05-10,sal entrefina carrefour classic bolsa 1 kg,carrefour,1588.6,1690.0,1.0 un
2026-05-10,ananá en rodajas carrefour classic lata 227 grs,carrefour,2002.5,2250.0,1.0 un
2026-05-10,ramen nissin verduras 85 g.,nissin,2085.0,2085.0,1.0 un
2026-05-10,porotos alubia la española 400 grs,la española,823.6,2035.0,1.0 un
2026-05-10,lentejas la española bolsa 400 g.,la española,1095.2,1369.0,1.0 un
2026-05-10,garbanzos mister food en bolsa 400 g.,mister food,1750.0,1750.0,1.0 un
2026-05-10,aceite de oliva oliovita meditarráneo extra virgen 500 cc.,oliovita,14349.0,14349.0,1.0 un
2026-05-10,aceto balsámico cocinero modena pet 250 cc.,cocinero,3269.0,3269.0,1.0 un
2026-05-10,lentejas don elio bolsa 400 g.,don elio,1789.0,1789.0,1.0 un
2026-05-10,maní japones 150 g.,genérico,2399.0,2699.0,1.0 un
2026-05-10,semillas de lino enteras sturla 250 g.,sturla,1874.0,1874.0,1.0 un
2026-05-10,semilla de sésamo sturla entera 250 g.,sturla,2671.0,2671.0,1.0 un
2026-05-10,arroz sushi dos hermanos 500 g.,dos hermanos,3109.0,3109.0,1.0 un
2026-05-10,porotos colorados secos 500 g.,genérico,3590.0,3590.0,1.0 un
2026-05-10,aceitunas verdes nucete premium 360 g.,nucete,5669.0,5669.0,1.0 un
2026-05-10,harina de arroz kapac sin tacc bolsa 500 g.,kapac,1705.0,2619.0,1.0 un
2026-05-10,vinagre de manzana clásico casalta pet 1 l.,casalta,3865.0,3865.0,1.0 un
2026-05-10,peras en mitades carrefour classic 820 g,carrefour,3115.5,3350.0,1.0 un
2026-05-10,aceite de oliva carrefour classic virgen 1 l.,carrefour,20482.6,21790.0,1.0 un
2026-05-10,ananá en rodajas carrefour 825 g.,carrefour,3958.5,4350.0,1.0 un
2026-05-10,especias para tuco 50 g.,genérico,1199.0,1199.0,1.0 un
2026-05-10,pimienta negra molida 50 g.,genérico,2199.0,2199.0,1.0 un
2026-05-10,pimienta blanca molida 50 g.,genérico,2999.0,2999.0,1.0 un
2026-05-10,pesto deshidratado 50 g.,genérico,1039.0,1039.0,1.0 un
2026-05-10,chimichurri 50 g.,genérico,1079.0,1079.0,1.0 un
2026-05-10,condimento para empanadas 50 g.,genérico,899.0,899.0,1.0 un
2026-05-10,aceite de oliva oliovita clásico extra virgen 500 cc.,oliovita,18999.0,18999.0,1.0 un
2026-05-10,fideos cinta nido 308 nº 1 al huevo 500 g.,308,2729.0,2729.0,1.0 un
2026-05-10,aceto balsámico favinco pet 500 cc.,favinco,4595.0,4595.0,1.0 un
2026-05-10,fideos spaghetti barilla n5 500 g.,barilla,8399.0,8399.0,1.0 un
2026-05-10,salsa blanca dos anclas en sobre 40 g.,dos anclas,909.0,909.0,1.0 un
2026-05-10,sal fina light genser bajo sodio salero 300 g,genser,5619.0,5619.0,1.0 un
2026-05-10,nuez moscada la parmesana con rallador 2 u.,la parmesana,2429.0,2429.0,1.0 un
2026-05-10,aceitunas verdes descarozadas castell 80 grs,castell,1789.0,1789.0,1.0 un
2026-05-10,sal gruesa celusal caja 1 kg.,celusal,2729.0,2729.0,1.0 un
2026-05-10,galletitas snacks saladix de calabresa 100 grs,saladix,1700.0,1700.0,1.0 un
2026-05-10,vinagre de manzana menoyo 500 cc.,menoyo,2395.0,2395.0,1.0 un
2026-05-10,vinagre de vino menoyo 1 l.,menoyo,3050.0,3050.0,1.0 un
2026-05-10,pate de foie salmón swift lata 85 g.,swift,2479.0,2479.0,1.0 un
2026-05-10,ananá en rodajas carrefour classic 565 grs,carrefour,2892.5,3250.0,1.0 un
2026-05-10,ají molido dos anclas 50 g.,dos anclas,1775.0,1775.0,1.0 un
2026-05-10,galletitas snacks saladix sabor jamón 100 grs,saladix,1569.0,1569.0,1.0 un
2026-05-10,aceitunas verdes descarozadas nucete 160 grs,nucete,3730.0,3730.0,1.0 un
2026-05-10,sal fina celusal salero 500 g.,celusal,4105.0,4105.0,1.0 un
2026-05-10,gelatina multifruta frutiverso royal + tang 25 grs,royal,1469.0,1469.0,1.0 un
2026-05-10,gelatina galactico royal + tang 25 grs,royal,1469.0,1469.0,1.0 un
2026-05-10,snack cebolla caramelizada dos hermanos 80 grs,dos hermanos,2189.0,2189.0,1.0 un
2026-05-10,papas fritas carrefour classic de provoleta en tubo 140 grs,carrefour,3524.7,3790.0,1.0 un
2026-05-10,papas fritas acanaladas lays asado de tira 77 grs,lays,2812.5,3750.0,1.0 un
2026-05-10,palitos de maíz ondulados cheetos sabor ketchup 40 grs,cheetos,2299.0,2299.0,1.0 un
2026-05-10,avena tradicional quaker en caja 280 grs,quaker,1975.0,1975.0,1.0 un
2026-05-10,saborizador oriental knorr bolsa para horno 21 grs,knorr,3189.0,3189.0,1.0 un
2026-05-10,choclo y arvejas carrefour classic dp 240 grs,carrefour,1551.0,1650.0,1.0 un
2026-05-10,galletitas snack carrefour classic sabor queso 70 grs,carrefour,1024.6,1090.0,1.0 un
2026-05-10,galletitas snack carrefour classic sabor jamón 70 grs,carrefour,1024.6,1090.0,1.0 un
2026-05-10,galletitas snacks carrefour classic sabor original 70 grs,carrefour,1024.6,1090.0,1.0 un
2026-05-10,premezcla para wafles pancakes la parmesana 180 grs,la parmesana,1935.0,1935.0,1.0 un
2026-05-10,passata de tomate salsati en frasco 340 grs,salsati,2799.0,2799.0,1.0 un
2026-05-10,passata de tomate la campagnola en frasco 340 grs,la campagnola,2435.0,2435.0,1.0 un
2026-05-10,aceite de coco virgen carrefour extra 200 ml,carrefour,10431.0,11590.0,1.0 un
2026-05-10,pepinillos en rodajas carrefour extra 500 grs,carrefour,5895.0,6550.0,1.0 un
2026-05-10,takis intense nacho 85 grs,takis,3115.0,3115.0,1.0 un
2026-05-10,galletitas snack clásicas crujitas fp 120 grs,9 de oro,1689.0,1689.0,1.0 un
2026-05-10,bizcochuelo taza carrefour classic red velvet 60 grs,carrefour,1451.68,1688.0,1.0 un
2026-05-10,papas fritas carrefour classic sabor limón picante 65 grs,carrefour,1833.0,1950.0,1.0 un
2026-05-10,snack de arroz lennys pitachips con sal marina 150 grs,lennys,3135.0,3135.0,1.0 un
2026-05-10,puré de papas y zapallo listo knorr en bolsa 125 grs,knorr,3330.0,3330.0,1.0 un
2026-05-10,galletitas saladas saladix sabor calabresa 40 grs,saladix,999.0,999.0,1.0 un
2026-05-10,nachos tostitos 100 grs,tostitos,3500.0,3500.0,1.0 un
